1003-HV-C-L-01,9394,61,0,2,47,0,0,100,-1
1003-HV-C-L-02,9443,29,5,2,32,0,1,92,-1
1003-HV-C-L-03,9401,50,4,4,37,0,3,105,-1
1003-HV-C-L-04,9433,41,0,4,35,0,4,87,-1
1003-HV-C-L-05,9482,18,0,1,21,0,3,79,-1
1003-HV-C-L-06,9504,13,0,0,21,0,4,62,-1
1004-HV-C-L-01,9396,54,8,4,63,1,6,72,-1
1004-HV-C-L-02,9410,53,0,1,50,0,3,87,-1
1004-HV-C-L-03,9382,66,2,1,65,0,4,84,-1
1004-HV-C-L-04,9353,71,1,5,76,0,4,94,-1
1004-HV-C-L-05,9431,47,6,0,57,0,4,59,-1
1004-HV-C-L-06,9337,66,11,3,85,1,7,94,-1
1006-HV-C-L-01,9190,87,0,7,103,0,18,199,-1
1006-HV-C-L-02,9200,90,0,6,102,0,18,188,-1
1006-HV-C-L-03,9185,83,15,9,111,0,21,180,-1
1006-HV-C-L-04,9213,90,15,5,98,0,12,171,-1
1006-HV-C-L-05,9230,91,14,4,82,0,10,173,-1
1006-HV-C-L-06,9199,93,1,7,94,0,11,199,-1
1006-HV-C-L-07,9181,128,1,6,114,0,12,162,-1
1007-HV-C-L-01,9303,54,12,1,70,0,12,152,-1
1007-HV-C-L-02,9282,76,1,2,84,1,10,148,-1
1007-HV-C-L-03,9256,67,1,3,94,1,20,162,-1
1007-HV-C-L-04,9267,60,3,0,96,1,19,158,-1
1007-HV-C-L-05,9288,59,2,3,89,1,18,144,-1
1007-HV-C-L-06,9265,55,16,3,90,0,15,160,-1
1007-HV-C-L-07,9254,63,2,3,107,1,24,150,-1
1011-HV-C-L-01,9228,79,11,10,68,0,13,195,-1
1011-HV-C-L-02,9222,71,13,8,68,0,16,206,-1
1011-HV-C-L-03,9297,49,11,10,55,0,11,171,-1
1011-HV-C-L-04,9263,60,11,9,57,0,9,195,-1
1011-HV-C-L-05,9255,49,13,8,58,1,13,207,-1
1011-HV-C-L-06,9226,57,10,8,72,0,15,216,-1
1014-HV-C-L-01,9224,68,16,6,79,0,11,200,-1
1014-HV-C-L-02,9182,100,12,11,92,0,12,195,-1
1014-HV-C-L-03,9263,85,10,6,75,0,10,155,-1
1014-HV-C-L-04,9225,96,0,7,79,0,8,189,-1
1014-HV-C-L-05,9237,81,0,8,74,0,9,195,-1
1014-HV-C-L-06,9198,83,2,10,85,1,14,211,-1
1014-HV-C-L-07,9203,89,10,9,100,2,13,178,-1
1014-HV-C-L-08,9195,107,2,8,120,0,8,164,-1
1015-HV-C-L-01,9222,70,3,14,55,2,12,226,-1
1015-HV-C-L-02,9133,59,9,14,55,0,17,317,-1
1015-HV-C-L-03,9250,75,8,11,64,0,10,186,-1
1015-HV-C-L-04,9271,81,2,12,63,0,7,168,-1
1015-HV-C-L-05,9258,76,8,14,65,0,10,173,-1
1015-HV-C-L-06,9317,54,6,10,49,0,5,163,-1
1015-HV-C-L-07,9250,77,8,10,63,1,13,182,-1
1016-HV-C-L-01,9159,128,16,10,99,0,9,183,-1
1016-HV-C-L-02,9155,114,1,10,82,1,6,235,-1
1016-HV-C-L-03,9170,127,0,6,110,0,8,183,-1
1016-HV-C-L-04,9266,91,16,4,84,0,4,139,-1
1016-HV-C-L-05,9188,132,2,9,111,0,8,154,-1
1016-HV-C-L-06,9187,120,1,11,100,0,5,180,-1
1016-HV-C-L-07,9222,119,0,9,89,0,6,159,-1
1016-HV-C-L-08,9206,125,0,3,90,0,4,176,-1
1017-HV-C-L-01,9130,62,14,8,101,0,19,270,-1
1017-HV-C-L-02,9113,78,13,10,113,1,22,254,-1
1017-HV-C-L-03,9075,77,16,8,110,0,24,294,-1
1017-HV-C-L-04,9093,70,12,12,92,1,20,304,-1
1017-HV-C-L-05,9099,71,15,7,92,0,21,299,-1
1017-HV-C-L-06,9081,89,15,10,99,0,20,290,-1
1017-HV-C-L-07,9085,86,1,10,112,0,25,285,-1
1022-HV-C-L-01,9224,86,2,6,87,0,11,188,-1
1022-HV-C-L-02,9329,58,2,6,85,0,9,115,-1
1022-HV-C-L-03,9176,92,16,7,105,0,12,196,-1
1022-HV-C-L-04,9246,91,3,3,88,2,10,161,-1
1022-HV-C-L-05,9371,51,8,5,60,0,8,101,-1
1022-HV-C-L-06,9262,87,0,5,87,0,12,151,-1
1023-HV-C-L-01,9489,30,1,1,33,0,0,50,-1
1023-HV-C-L-02,9514,33,0,3,29,0,0,25,-1
1023-HV-C-L-03,9530,22,0,2,19,1,1,29,-1
1023-HV-C-L-04,9558,15,4,0,14,0,0,13,-1
1023-HV-C-L-05,9497,32,6,0,32,0,0,37,-1
1023-HV-C-L-06,9506,30,7,3,24,0,0,34,-1
1024-HV-C-L-01,9455,26,7,1,39,0,7,69,-1
1024-HV-C-L-02,9392,39,8,0,70,0,13,82,-1
1024-HV-C-L-03,9429,24,6,0,50,0,11,84,-1
1024-HV-C-L-04,9382,36,12,0,67,0,12,95,-1
1024-HV-C-L-05,9364,43,13,1,81,0,14,88,-1
1026-HV-C-L-01,9272,65,9,7,78,1,16,156,-1
1026-HV-C-L-02,9285,59,1,11,74,0,10,164,-1
1026-HV-C-L-03,9263,73,11,8,82,0,12,155,-1
1026-HV-C-L-04,9315,54,7,6,70,0,13,139,-1
1026-HV-C-L-05,9283,71,8,4,87,0,16,135,-1
1026-HV-C-L-06,9257,61,9,6,81,0,16,174,-1
1027-HV-C-L-01,9441,44,0,2,38,0,5,74,-1
1027-HV-C-L-02,9380,54,6,6,45,0,5,108,-1
1027-HV-C-L-03,9356,46,11,4,61,0,7,119,-1
1027-HV-C-L-04,9366,42,11,5,44,0,5,131,-1
1027-HV-C-L-05,9302,95,1,3,90,0,10,103,-1
1027-HV-C-L-06,9309,69,13,4,87,0,8,114,-1
1027-HV-C-L-07,9345,70,8,5,70,1,10,95,-1
1028-HV-C-L-01,9212,86,11,8,86,0,12,189,-1
1028-HV-C-L-02,9138,123,3,11,99,0,13,217,-1
1028-HV-C-L-03,9175,112,3,9,86,1,12,206,-1
1028-HV-C-L-04,9198,97,1,11,98,0,8,191,-1
1028-HV-C-L-05,9200,78,1,7,82,0,15,221,-1
1028-HV-C-L-06,9152,70,13,10,85,1,17,256,-1
1028-HV-C-L-07,9158,64,1,6,88,0,15,272,-1
1028-HV-C-L-08,9173,84,2,6,100,0,16,223,-1
1028-HV-C-L-09,9195,67,1,3,90,1,17,230,-1
1030-HV-C-L-01,9196,113,1,6,129,1,14,144,-1
1030-HV-C-L-02,9201,96,10,2,124,0,11,160,-1
1030-HV-C-L-03,9207,100,2,3,125,0,14,153,-1
1030-HV-C-L-04,9263,86,0,7,96,0,10,142,-1
1030-HV-C-L-05,9249,84,1,5,91,1,15,158,-1
1030-HV-C-L-06,9300,74,10,3,85,0,9,123,-1
1032-HV-C-L-01,9288,74,2,3,71,0,10,156,-1
1032-HV-C-L-02,9333,73,0,4,64,0,10,120,-1
1032-HV-C-L-03,9309,82,2,4,82,0,8,117,-1
1032-HV-C-L-04,9378,45,11,3,52,0,7,108,-1
1032-HV-C-L-05,9354,61,1,3,62,0,9,114,-1
1032-HV-C-L-06,9322,58,13,6,72,1,8,124,-1
1032-HV-C-L-07,9305,74,0,5,72,0,7,141,-1
1033-HV-C-L-01,9220,81,12,4,100,0,12,175,-1
1033-HV-C-L-02,9220,85,0,5,82,0,10,202,-1
1033-HV-C-L-03,9125,119,17,6,141,0,17,179,-1
1033-HV-C-L-04,9172,110,17,4,129,1,10,161,-1
1033-HV-C-L-05,9188,79,13,6,101,0,11,206,-1
1033-HV-C-L-06,9153,89,18,4,113,0,17,210,-1
1033-HV-C-L-07,9211,73,13,4,88,1,15,199,-1
1033-HV-C-L-08,9173,76,14,6,100,0,15,220,-1
1033-HV-C-L-09,9215,74,1,4,77,0,12,221,-1
1033-HV-C-L-10,9215,75,0,5,78,0,11,220,-1
1034-HV-C-L-01,9341,60,13,3,76,0,11,100,-1
1034-HV-C-L-02,9411,58,1,3,60,1,8,62,-1
1034-HV-C-L-03,9292,85,3,5,98,0,8,113,-1
1034-HV-C-L-04,9411,38,8,2,73,0,7,65,-1
1034-HV-C-L-05,9343,77,3,2,89,1,7,82,-1
1035-HV-C-L-01,9530,19,3,0,20,0,1,31,-1
1035-HV-C-L-02,9457,44,0,2,46,0,1,54,-1
1035-HV-C-L-03,9523,21,0,1,20,0,1,38,-1
1035-HV-C-L-04,9442,49,0,3,48,0,1,61,-1
1035-HV-C-L-05,9457,36,7,1,44,0,1,58,-1
1036-HV-C-L-01,9247,82,2,8,84,0,6,175,-1
1036-HV-C-L-02,9242,74,9,2,86,0,6,185,-1
1036-HV-C-L-03,9300,57,9,2,81,2,9,144,-1
1036-HV-C-L-04,9322,44,7,5,47,0,5,174,-1
1036-HV-C-L-05,9280,78,0,8,62,0,3,173,-1
1038-HV-C-L-01,9214,115,0,8,95,0,8,164,-1
1038-HV-C-L-02,9376,49,1,5,49,0,6,118,-1
1038-HV-C-L-03,9304,82,1,5,86,1,6,119,-1
1038-HV-C-L-04,9355,57,9,4,65,2,9,103,-1
1041-HV-C-L-01,9326,48,7,8,76,0,16,123,-1
1041-HV-C-L-02,9333,48,7,5,78,0,17,116,-1
1041-HV-C-L-03,9327,55,1,6,75,0,16,124,-1
1041-HV-C-L-04,9339,60,11,5,82,1,13,93,-1
1041-HV-C-L-05,9355,45,10,7,79,2,14,92,-1
1042-HV-C-L-01,9254,97,1,10,70,0,10,162,-1
1042-HV-C-L-02,9332,59,12,5,58,2,7,129,-1
1042-HV-C-L-03,9331,78,11,4,79,0,7,94,-1
1042-HV-C-L-04,9330,69,11,2,71,0,6,115,-1
1042-HV-C-L-05,9312,70,1,5,68,1,11,136,-1
1043-HV-C-L-01,9196,113,10,6,106,1,8,164,-1
1043-HV-C-L-02,9301,84,0,3,70,0,6,140,-1
1043-HV-C-L-03,9373,69,0,4,41,0,6,111,-1
1043-HV-C-L-04,9317,56,9,5,62,0,9,146,-1
1043-HV-C-L-05,9346,54,10,6,52,0,6,130,-1
1044-HV-C-L-01,9167,93,11,12,87,2,11,221,-1
1044-HV-C-L-02,9303,37,14,3,72,1,14,160,-1
1044-HV-C-L-03,9229,69,12,3,101,0,18,172,-1
1044-HV-C-L-04,9266,66,10,5,94,0,16,147,-1
1044-HV-C-L-05,9274,59,10,8,72,0,10,171,-1
1045-HV-C-L-01,9344,77,0,5,47,0,4,127,-1
1045-HV-C-L-02,9256,71,1,5,55,0,4,212,-1
1045-HV-C-L-03,9276,77,9,3,63,0,6,170,-1
1045-HV-C-L-04,9276,74,1,9,60,0,6,178,-1
1045-HV-C-L-05,9189,114,1,7,93,1,5,194,-1
1046-HV-C-L-01,9480,22,6,3,31,0,2,60,-1
1046-HV-C-L-02,9460,31,0,1,34,0,2,76,-1
1046-HV-C-L-03,9382,63,0,1,58,0,4,96,-1
1046-HV-C-L-04,9371,53,1,2,63,0,2,112,-1
1046-HV-C-L-05,9385,46,0,3,50,0,5,115,-1
1046-HV-C-L-06,9430,33,8,4,46,0,2,81,-1
1059-HV-C-L-01,9210,81,0,7,86,0,12,208,-1
1059-HV-C-L-02,9191,69,18,6,87,0,10,223,-1
1059-HV-C-L-03,9211,70,13,8,79,0,10,213,-1
1059-HV-C-L-04,9189,77,14,8,91,0,12,213,-1
1059-HV-C-L-05,9207,75,1,6,94,0,10,211,-1
1060-HV-C-L-01,9251,91,1,5,99,2,8,147,-1
1060-HV-C-L-02,9293,73,9,4,91,0,9,125,-1
1060-HV-C-L-03,9327,73,1,3,71,0,6,123,-1
1060-HV-C-L-04,9242,96,1,5,114,0,13,133,-1
1060-HV-C-L-05,9265,90,1,5,90,0,7,146,-1
1066-HV-C-L-01,9436,37,11,5,32,0,2,81,-1
1066-HV-C-L-02,9413,50,7,2,35,0,3,94,-1
1066-HV-C-L-03,9317,80,0,1,90,0,4,112,-1
1066-HV-C-L-04,9409,53,0,5,48,0,1,88,-1
1066-HV-C-L-05,9395,51,8,2,57,0,2,89,-1
1069-HV-C-L-01,9291,79,11,5,95,0,12,111,-1
1069-HV-C-L-02,9314,66,12,3,78,0,12,119,-1
1069-HV-C-L-03,9292,74,1,3,87,0,17,130,-1
1069-HV-C-L-04,9278,79,0,4,79,1,15,148,-1
1069-HV-C-L-05,9300,77,2,4,82,1,13,125,-1
1069-HV-C-L-06,9276,74,12,2,89,2,15,134,-1
1077-HV-C-L-01,9257,50,16,5,77,1,13,185,-1
1077-HV-C-L-02,9265,61,18,4,74,1,11,170,-1
1077-HV-C-L-03,9260,72,2,8,80,0,14,168,-1
1077-HV-C-L-04,9256,67,16,4,80,0,13,168,-1
1077-HV-C-L-05,9208,96,0,15,58,0,2,225,-1
1077-HV-C-L-06,9104,136,1,14,88,0,7,254,-1
1079-HV-C-L-01,9492,26,6,0,33,0,2,45,-1
1079-HV-C-L-02,9449,31,8,0,44,1,4,67,-1
1079-HV-C-L-03,9466,38,0,1,45,0,1,53,-1
1079-HV-C-L-04,9497,27,6,1,34,0,2,37,-1
1079-HV-C-L-05,9501,23,5,0,30,0,3,42,-1
1080-HV-C-L-01,9360,55,2,3,73,1,9,101,-1
1080-HV-C-L-02,9270,80,3,1,101,1,11,137,-1
1080-HV-C-L-03,9338,59,1,4,88,0,6,108,-1
1080-HV-C-L-04,9355,53,9,4,85,1,8,89,-1
1080-HV-C-L-05,9327,65,0,3,83,0,11,115,-1
1080-HV-C-L-06,9324,65,1,5,84,0,7,118,-1
1081-HV-C-L-01,9405,56,0,2,53,0,4,84,-1
1081-HV-C-L-02,9347,89,0,3,71,1,5,88,-1
1081-HV-C-L-03,9390,55,9,2,63,0,5,80,-1
1081-HV-C-L-04,9369,69,0,5,67,0,6,88,-1
1081-HV-C-L-05,9418,59,1,4,51,0,2,69,-1
1084-HV-C-L-01,9369,38,12,4,64,1,8,108,-1
1084-HV-C-L-02,9328,74,0,3,69,0,12,118,-1
1084-HV-C-L-03,9324,75,0,6,73,0,13,113,-1
1084-HV-C-L-04,9347,64,12,1,63,0,10,107,-1
1084-HV-C-L-05,9337,57,12,0,79,0,11,108,-1
1084-HV-C-L-06,9313,72,2,4,83,1,12,117,-1
1089-HV-C-L-01,9507,30,1,1,33,0,2,30,-1
1089-HV-C-L-02,9445,49,1,2,46,1,2,58,-1
1089-HV-C-L-03,9503,31,2,2,28,0,1,37,-1
1089-HV-C-L-04,9472,33,4,1,40,0,2,52,-1
1089-HV-C-L-05,9486,36,0,2,35,0,1,44,-1
1090-HV-C-L-01,9266,77,16,8,93,0,12,132,-1
1090-HV-C-L-02,9291,61,12,8,66,0,7,159,-1
1090-HV-C-L-03,9316,55,12,7,60,0,8,146,-1
1090-HV-C-L-04,9177,88,13,12,113,0,19,182,-1
1090-HV-C-L-05,9210,91,1,10,106,1,17,168,-1
1091-HV-C-L-01,9281,75,14,4,93,0,12,125,-1
1091-HV-C-L-02,9331,74,0,1,75,0,12,111,-1
1091-HV-C-L-03,9297,69,16,0,94,0,16,112,-1
1091-HV-C-L-04,9279,74,13,2,100,0,16,120,-1
1091-HV-C-L-05,9249,98,1,4,105,0,14,133,-1
1092-HV-C-L-01,9555,9,4,0,9,0,1,26,-1
1092-HV-C-L-02,9571,10,3,0,13,0,1,6,-1
1092-HV-C-L-03,9572,10,2,0,13,0,1,6,-1
1092-HV-C-L-04,9584,5,2,0,6,0,1,6,-1
1092-HV-C-L-05,9560,41,0,1,0,0,0,2,-1
1093-HV-C-L-01,9407,60,0,3,56,0,1,77,-1
1093-HV-C-L-02,9417,45,2,3,49,2,3,83,-1
1093-HV-C-L-03,9389,67,1,2,57,1,1,86,-1
1093-HV-C-L-04,9485,24,0,2,29,0,1,63,-1
1093-HV-C-L-05,9399,42,6,2,54,1,6,94,-1
1093-HV-C-L-06,9407,45,0,5,52,0,4,91,-1
1094-HV-C-L-01,9477,34,5,0,47,0,4,37,-1
1094-HV-C-L-02,9451,39,7,1,50,1,2,53,-1
1094-HV-C-L-03,9406,58,1,2,65,0,7,65,-1
1094-HV-C-L-04,9410,56,1,0,64,0,7,66,-1
1094-HV-C-L-05,9428,56,0,2,59,0,3,56,-1
1095-HV-C-L-01,9430,30,8,1,45,0,6,84,-1
1095-HV-C-L-02,9448,24,8,1,49,0,7,67,-1
1095-HV-C-L-03,9420,41,9,2,55,1,5,71,-1
1095-HV-C-L-04,9393,47,12,2,64,0,6,80,-1
1095-HV-C-L-05,9450,35,6,1,46,0,4,62,-1
1099-HV-C-L-01,9361,77,1,7,79,0,4,75,-1
1099-HV-C-L-02,9309,70,12,6,85,0,9,113,-1
1099-HV-C-L-03,9309,73,13,5,81,0,8,115,-1
1099-HV-C-L-04,9302,88,1,7,86,0,7,113,-1
1099-HV-C-L-05,9292,85,9,6,74,0,10,128,-1
1100-HV-C-L-01,9235,120,0,7,115,0,9,118,-1
1100-HV-C-L-02,9304,81,14,6,85,2,6,106,-1
1100-HV-C-L-03,9303,83,11,9,88,1,7,102,-1
1100-HV-C-L-04,9306,75,12,6,82,0,9,114,-1
1100-HV-C-L-05,9314,86,1,8,89,0,9,97,-1
1101-HV-C-L-01,9524,21,0,3,16,0,1,39,-1
1101-HV-C-L-02,9499,26,2,0,21,1,1,54,-1
1101-HV-C-L-03,9507,23,4,1,25,0,1,43,-1
1101-HV-C-L-04,9507,21,3,0,26,0,1,46,-1
1101-HV-C-L-05,9518,23,0,1,16,0,1,45,-1
1102-HV-C-L-01,9394,61,1,3,77,0,7,61,-1
1102-HV-C-L-02,9442,37,6,0,52,0,5,62,-1
1102-HV-C-L-03,9456,41,0,0,50,0,6,51,-1
1102-HV-C-L-04,9493,23,4,0,42,0,3,39,-1
1102-HV-C-L-05,9453,35,7,2,52,0,4,51,-1
1102-HV-C-L-06,9463,33,5,1,48,0,5,49,-1
1104-HV-C-L-01,9336,61,3,3,62,1,8,130,-1
1104-HV-C-L-02,9386,42,1,1,51,1,5,117,-1
1104-HV-C-L-03,9371,44,8,2,53,1,7,118,-1
1104-HV-C-L-04,9400,35,9,1,51,0,5,103,-1
1104-HV-C-L-05,9356,48,9,0,65,0,6,120,-1
1107-HV-C-L-01,9215,113,0,9,110,1,9,147,-1
1107-HV-C-L-02,9227,104,2,6,110,0,14,141,-1
1107-HV-C-L-03,9216,111,15,5,119,0,10,128,-1
1107-HV-C-L-04,9189,110,17,3,125,1,11,148,-1
1107-HV-C-L-05,9207,98,10,7,106,0,7,169,-1
1108-HV-C-L-01,9085,124,17,7,152,1,17,201,-1
1108-HV-C-L-02,9056,134,15,12,159,1,20,207,-1
1108-HV-C-L-03,9103,128,14,8,137,1,19,194,-1
1108-HV-C-L-04,9044,159,1,13,157,0,18,212,-1
1108-HV-C-L-05,9092,144,3,11,136,1,20,197,-1
1114-HV-C-L-01,9517,24,0,4,15,0,3,41,-1
1114-HV-C-L-02,9507,19,5,2,19,0,1,51,-1
1114-HV-C-L-03,9508,23,5,3,20,0,3,42,-1
1114-HV-C-L-04,9484,27,0,4,19,0,2,68,-1
1114-HV-C-L-05,9469,32,4,5,31,2,4,57,-1
1115-HV-C-L-01,9318,66,1,5,71,1,8,134,-1
1115-HV-C-L-02,9378,55,2,7,42,0,6,114,-1
1115-HV-C-L-03,9326,67,10,2,71,0,5,123,-1
1115-HV-C-L-04,9379,50,7,3,57,0,4,104,-1
1115-HV-C-L-05,9408,37,7,4,46,0,4,98,-1
1117-HV-C-L-01,9364,55,5,5,65,1,7,102,-1
1117-HV-C-L-02,9384,45,11,1,56,0,4,103,-1
1117-HV-C-L-03,9413,36,10,2,52,0,6,85,-1
1117-HV-C-L-04,9339,67,11,3,78,1,6,99,-1
1117-HV-C-L-05,9359,68,0,2,69,0,6,100,-1
1118-HV-C-L-01,9329,78,0,6,73,0,11,107,-1
1118-HV-C-L-02,9309,75,1,9,77,0,10,123,-1
1118-HV-C-L-03,9301,83,1,4,83,0,8,124,-1
1118-HV-C-L-04,9258,90,1,7,88,0,11,149,-1
1118-HV-C-L-05,9301,68,9,7,78,0,7,134,-1
1118-HV-C-L-06,9321,51,12,5,70,1,7,137,-1
1119-HV-C-L-01,9448,47,10,2,29,1,3,64,-1
1119-HV-C-L-02,9433,49,6,3,45,1,4,63,-1
1119-HV-C-L-03,9414,57,10,3,51,1,0,68,-1
1119-HV-C-L-04,9446,50,1,5,35,1,4,62,-1
1119-HV-C-L-05,9451,52,1,5,32,2,3,58,-1
1120-HV-C-L-01,9136,138,0,10,113,0,10,197,-1
1120-HV-C-L-02,9243,92,16,7,113,0,12,121,-1
1120-HV-C-L-03,9219,106,16,4,119,2,15,123,-1
1120-HV-C-L-04,9264,85,17,5,114,0,13,106,-1
1120-HV-C-L-05,9245,103,1,4,110,1,11,129,-1
1120-HV-C-L-06,9207,128,0,7,117,2,12,131,-1
1120-HV-C-L-07,9243,91,16,3,106,1,10,134,-1
1129-HV-C-L-01,9251,78,19,2,88,1,10,155,-1
1129-HV-C-L-02,9308,73,0,4,77,2,6,134,-1
1129-HV-C-L-03,9226,98,1,5,107,2,13,152,-1
1129-HV-C-L-04,9282,82,0,2,83,0,14,141,-1
1129-HV-C-L-05,9288,76,0,5,94,0,10,131,-1
1129-HV-C-L-06,9277,102,0,4,93,0,10,118,-1
1138-HV-C-L-01,9454,47,0,0,40,0,3,60,-1
1138-HV-C-L-02,9452,38,1,2,44,0,3,64,-1
1138-HV-C-L-03,9436,40,1,2,46,3,5,71,-1
1138-HV-C-L-04,9429,47,0,6,43,1,5,73,-1
1138-HV-C-L-05,9430,52,1,2,59,1,2,57,-1
1142-HV-C-L-01,9212,75,17,2,96,0,14,188,-1
1142-HV-C-L-02,9232,104,2,4,120,2,16,124,-1
1142-HV-C-L-03,9219,99,18,5,119,0,17,127,-1
1142-HV-C-L-04,9219,98,16,7,124,0,15,125,-1
1142-HV-C-L-05,9275,80,2,7,114,0,13,113,-1
1142-HV-C-L-06,9242,82,9,5,117,0,14,135,-1
1145-HV-C-L-01,9320,72,0,4,86,0,14,108,-1
1145-HV-C-L-02,9363,51,11,3,67,1,13,95,-1
1145-HV-C-L-03,9354,53,13,1,72,0,9,102,-1
1145-HV-C-L-04,9353,69,11,2,68,0,9,92,-1
1145-HV-C-L-05,9378,46,9,1,63,0,8,99,-1
1147-HV-C-L-01,9445,34,4,3,36,0,4,78,-1
1147-HV-C-L-02,9424,39,0,3,37,1,6,94,-1
1147-HV-C-L-03,9435,36,1,2,33,0,5,92,-1
1147-HV-C-L-04,9411,40,7,0,47,0,4,95,-1
1147-HV-C-L-05,9476,22,5,1,22,0,5,73,-1
1148-HV-C-L-01,9312,50,10,1,64,1,5,161,-1
1148-HV-C-L-02,9331,58,1,5,61,0,5,143,-1
1148-HV-C-L-03,9288,58,1,1,78,0,9,169,-1
1148-HV-C-L-04,9305,54,13,0,73,0,9,150,-1
1148-HV-C-L-05,9266,79,2,6,89,2,8,152,-1
1149-HV-C-L-01,9469,48,6,0,35,0,2,44,-1
1149-HV-C-L-02,9467,50,0,2,30,0,1,54,-1
1149-HV-C-L-03,9469,41,7,3,38,0,3,43,-1
1149-HV-C-L-04,9471,50,1,1,38,0,2,41,-1
1149-HV-C-L-05,9522,34,0,2,22,0,1,23,-1
1154-HV-C-L-01,9343,44,2,3,56,0,3,153,-1
1154-HV-C-L-02,9352,55,2,4,59,1,7,124,-1
1154-HV-C-L-03,9301,79,1,4,82,0,7,130,-1
1154-HV-C-L-04,9293,66,3,4,75,0,6,157,-1
1154-HV-C-L-05,9281,62,0,8,68,0,15,170,-1
1154-HV-C-L-06,9298,62,2,3,57,0,10,172,-1
1156-HV-C-L-01,9397,50,1,6,67,0,7,76,-1
1156-HV-C-L-02,9361,74,0,6,63,0,6,94,-1
1156-HV-C-L-03,9416,52,12,3,47,0,4,70,-1
1156-HV-C-L-04,9427,42,11,2,50,0,3,69,-1
1156-HV-C-L-05,9402,71,0,1,47,0,4,79,-1
1158-HV-C-L-01,9257,72,0,4,89,0,15,167,-1
1158-HV-C-L-02,9262,64,0,2,93,0,19,164,-1
1158-HV-C-L-03,9272,70,1,2,93,0,14,152,-1
1158-HV-C-L-04,9255,56,17,2,97,0,16,161,-1
1158-HV-C-L-05,9260,60,0,3,86,0,18,177,-1
1159-HV-C-L-01,9232,86,2,11,80,0,4,189,-1
1159-HV-C-L-02,9215,113,1,12,92,2,8,161,-1
1159-HV-C-L-03,9232,101,1,12,88,1,7,162,-1
1159-HV-C-L-04,9205,111,9,13,99,0,7,160,-1
1159-HV-C-L-05,9219,105,2,13,88,1,8,168,-1
1160-HV-C-L-01,9348,54,9,2,70,0,8,113,-1
1160-HV-C-L-02,9365,58,0,2,62,0,8,109,-1
1160-HV-C-L-03,9396,49,0,1,66,0,8,84,-1
1160-HV-C-L-04,9450,23,7,3,48,0,6,67,-1
1160-HV-C-L-05,9407,45,1,2,56,0,7,86,-1
1161-HV-C-L-01,9362,71,0,5,54,0,0,112,-1
1161-HV-C-L-02,9454,35,1,1,27,1,0,85,-1
1161-HV-C-L-03,9407,54,0,3,37,0,2,101,-1
1161-HV-C-L-04,9384,56,0,3,52,0,9,100,-1
1161-HV-C-L-05,9447,40,2,0,41,1,5,68,-1
1162-HV-C-L-01,9382,53,9,1,50,1,7,101,-1
1162-HV-C-L-02,9343,81,1,4,75,0,10,90,-1
1162-HV-C-L-03,9365,67,0,0,57,0,5,110,-1
1162-HV-C-L-04,9316,91,0,7,68,0,8,114,-1
1162-HV-C-L-05,9315,96,3,7,66,0,9,108,-1
1168-HV-C-L-01,9284,74,4,2,102,1,14,123,-1
1168-HV-C-L-02,9331,43,10,4,76,0,14,126,-1
1168-HV-C-L-03,9346,38,11,1,69,0,12,127,-1
1168-HV-C-L-04,9331,44,9,1,82,0,14,123,-1
1168-HV-C-L-05,9305,54,10,1,96,0,13,125,-1
1168-HV-C-L-06,9328,48,12,0,86,0,13,117,-1
1169-HV-C-L-01,9135,120,13,12,110,2,10,202,-1
1169-HV-C-L-02,9297,88,9,5,72,0,8,125,-1
1169-HV-C-L-03,9262,104,2,6,82,0,11,137,-1
1170-HV-C-L-01,9432,65,13,4,37,0,5,48,-1
1170-HV-C-L-02,9424,65,1,2,36,2,7,67,-1
1170-HV-C-L-03,9303,79,5,5,65,1,11,135,-1
1170-HV-C-L-04,9334,60,10,8,62,0,10,120,-1
1170-HV-C-L-05,9364,61,0,7,47,1,12,112,-1
1170-HV-C-L-06,9496,43,0,1,26,0,2,36,-1
1171-HV-C-L-01,9331,66,14,3,91,0,10,89,-1
1171-HV-C-L-02,9343,62,11,1,80,0,8,99,-1
1171-HV-C-L-03,9333,66,0,1,85,0,11,108,-1
1171-HV-C-L-04,9308,64,15,4,94,1,9,109,-1
1171-HV-C-L-05,9293,71,14,6,102,0,10,108,-1
1172-HV-C-L-01,9455,30,9,0,52,1,9,48,-1
1172-HV-C-L-02,9468,33,7,0,50,0,5,41,-1
1172-HV-C-L-03,9495,28,5,1,39,0,6,30,-1
1172-HV-C-L-04,9517,21,6,1,29,0,3,27,-1
1172-HV-C-L-05,9480,29,6,0,44,0,6,39,-1
1174-HV-C-L-01,9222,72,15,5,104,1,11,174,-1
1174-HV-C-L-02,9210,80,15,4,104,0,13,178,-1
1174-HV-C-L-03,9241,66,15,3,93,2,14,170,-1
1174-HV-C-L-04,9242,62,16,4,102,0,13,165,-1
1174-HV-C-L-05,9245,71,12,6,90,3,12,165,-1
1175-HV-C-L-01,9450,41,1,5,31,1,4,71,-1
1175-HV-C-L-02,9436,37,8,2,40,0,1,80,-1
1175-HV-C-L-03,9418,52,1,3,50,3,4,73,-1
1175-HV-C-L-04,9415,56,0,5,48,0,2,78,-1
1175-HV-C-L-05,9381,54,0,5,50,0,4,110,-1
1178-HV-C-L-01,9234,94,12,8,101,1,9,145,-1
1178-HV-C-L-02,9271,94,2,8,98,0,7,124,-1
1178-HV-C-L-03,9264,100,1,8,100,0,7,124,-1
1178-HV-C-L-04,9307,66,10,6,89,0,8,118,-1
1178-HV-C-L-05,9321,66,8,5,79,1,8,116,-1
1179-HV-C-L-01,9215,94,14,10,83,2,10,176,-1
1179-HV-C-L-02,9168,121,1,8,102,0,11,193,-1
1179-HV-C-L-03,9191,92,6,13,63,1,9,229,-1
1179-HV-C-L-04,9124,118,2,14,92,0,10,244,-1
1179-HV-C-L-05,9138,103,13,15,80,1,9,245,-1
1181-HV-C-L-01,9323,65,12,4,72,0,6,122,-1
1181-HV-C-L-02,9317,64,10,5,70,0,6,132,-1
1181-HV-C-L-03,9283,88,0,3,86,0,10,134,-1
1181-HV-C-L-04,9299,76,1,7,74,0,9,138,-1
1181-HV-C-L-05,9302,65,10,5,73,0,9,140,-1
1182-HV-C-L-01,9217,78,0,7,68,1,12,221,-1
1182-HV-C-L-02,9254,83,1,6,67,1,10,182,-1
1182-HV-C-L-03,9258,79,1,6,66,1,9,184,-1
1182-HV-C-L-04,9272,79,15,1,73,0,7,157,-1
1182-HV-C-L-05,9252,87,1,7,71,0,6,180,-1
1183-HV-C-L-01,9324,77,0,9,78,0,3,113,-1
1183-HV-C-L-02,9399,53,0,2,61,1,6,82,-1
1183-HV-C-L-03,9374,60,0,2,72,2,8,86,-1
1183-HV-C-L-04,9432,38,0,4,46,0,9,75,-1
1183-HV-C-L-05,9440,36,11,1,56,0,7,53,-1
1184-HV-C-L-01,9223,86,0,8,99,2,14,172,-1
1184-HV-C-L-02,9272,84,1,6,100,1,9,131,-1
1184-HV-C-L-03,9271,80,0,4,88,0,8,153,-1
1184-HV-C-L-04,9290,74,0,4,86,0,8,142,-1
1184-HV-C-L-05,9317,54,10,5,70,0,7,141,-1
1185-HV-C-L-01,9592,4,0,4,0,0,0,4,-1
1185-HV-C-L-02,9588,6,1,2,0,1,0,6,-1
1185-HV-C-L-03,9596,2,0,4,0,0,0,2,-1
1185-HV-C-L-04,9564,36,0,3,0,0,0,1,-1
1185-HV-C-L-05,9569,31,0,3,0,0,0,1,-1
1186-HV-C-L-01,9449,40,8,1,35,0,1,70,-1
1186-HV-C-L-02,9455,27,8,1,34,0,3,76,-1
1186-HV-C-L-03,9457,34,0,3,38,1,4,67,-1
1186-HV-C-L-04,9420,43,8,3,42,0,4,84,-1
1186-HV-C-L-05,9443,42,0,3,37,0,1,78,-1
1187-HV-C-L-01,9242,37,17,0,95,0,22,191,-1
1187-HV-C-L-02,9273,32,15,2,85,0,23,174,-1
1187-HV-C-L-03,9267,30,16,1,88,0,23,179,-1
1187-HV-C-L-04,9269,32,14,2,88,0,24,175,-1
1187-HV-C-L-05,9256,46,3,0,90,0,22,187,-1
1188-HV-C-L-01,9145,86,22,5,145,0,23,178,-1
1188-HV-C-L-02,9228,80,15,5,101,0,14,161,-1
1188-HV-C-L-03,9180,85,14,7,132,0,18,168,-1
1188-HV-C-L-04,9205,78,11,8,118,0,21,163,-1
1188-HV-C-L-05,9149,89,17,8,133,1,22,185,-1
1197-HV-C-L-01,9151,110,0,9,111,0,13,210,-1
1197-HV-C-L-02,9127,101,2,8,123,1,18,224,-1
1197-HV-C-L-03,9182,79,2,7,104,1,14,215,-1
1197-HV-C-L-04,9137,110,3,11,102,0,20,221,-1
1197-HV-C-L-05,9146,104,4,9,103,1,19,218,-1
1197-HV-C-L-06,9129,99,1,13,93,1,17,251,-1
1198-HV-C-L-01,9487,26,7,1,40,0,1,42,-1
1198-HV-C-L-02,9460,41,6,2,47,0,1,47,-1
1198-HV-C-L-03,9479,37,8,2,39,0,1,38,-1
1198-HV-C-L-04,9461,37,7,1,44,0,1,53,-1
1198-HV-C-L-05,9481,32,8,3,43,0,1,36,-1
1198-HV-C-L-06,9425,50,6,2,53,0,4,64,-1
1198-HV-C-L-07,9491,32,5,1,37,0,0,38,-1
1198-HV-C-L-08,9346,88,1,4,77,0,3,85,-1
