1004-HV-C-L-06,0.0705803992967,0.312020315565,0.202062860002,0.322813257873,0.563102626964,0.312020315565,0.385527871694,0.322813257873,1.0,0.895545511252,0.783634181319,1.0,-1
1004-HV-C-L-06,0.111939801408,0.163788120054,0.0378422383388,0.152621793408,0.474903142527,0.166185187049,0.0840371805943,0.152621793408,1.0,1.0,0.282786511622,1.0,-1
1004-HV-C-L-06,0.103063428816,0.306185566605,0.184227151876,0.3132404271,0.569744507703,0.306185566605,0.352342365944,0.3132404271,1.0,0.894416581635,0.722988476173,1.0,-1
1004-HV-C-L-06,0.102153689076,0.334548548848,0.185499210614,0.297063183998,0.572415029339,0.334548548848,0.354043277713,0.297063183998,1.0,1.0,0.790229341848,1.0,-1
1004-HV-C-L-06,0.0819108338206,0.389658743259,0.221940220756,0.290017594675,0.590175415908,0.389658743259,0.396841531677,0.290017594675,1.0,1.0,0.947445355617,1.0,-1
1004-HV-C-L-06,0.046731229839,0.439415847643,0.279539711255,0.327033367374,0.609044097358,0.439415847643,0.485181550657,0.327033367374,1.0,1.0,1.0,1.0,-1
1004-HV-C-L-06,0.118853915388,0.372691054483,0.202179270449,0.319069192878,0.585200596661,0.372691054483,0.387972569276,0.319069192878,1.0,1.0,0.88367820478,1.0,-1
1004-HV-C-L-06,0.12724031459,0.38694758098,0.209006847847,0.335612967439,0.594994491339,0.38694758098,0.402640756158,0.335612967439,1.0,1.0,0.901817315321,1.0,-1
1004-HV-C-L-06,0.110103201476,0.378921737174,0.203933586678,0.316027022331,0.584817543881,0.378921737174,0.390814727996,0.316027022331,1.0,1.0,0.888934984913,1.0,-1
1004-HV-C-L-06,0.0930452616579,0.399322536717,0.234180816558,0.338325677609,0.598543601642,0.399322536717,0.428853200926,0.338325677609,1.0,1.0,0.94286082685,1.0,-1
1004-HV-C-L-06,0.0793596904026,0.417659385754,0.247686229103,0.337993157229,0.601512678046,0.417659385754,0.452839390931,0.337993157229,1.0,1.0,1.0,1.0,-1
1004-HV-C-L-06,0.083385716515,0.405791405104,0.242206372556,0.331401654676,0.6001422939,0.405791405104,0.438202792331,0.331401654676,1.0,1.0,0.999235936642,1.0,-1
1004-HV-C-L-06,0.0946713368004,0.312431174005,0.147453649347,0.222439192462,0.527274117683,0.312431174005,0.287323032649,0.222439192462,1.0,1.0,0.891835325289,1.0,-1
1004-HV-C-L-06,0.0775960464752,0.360021021749,0.185542246265,0.239101787067,0.546091353929,0.360021021749,0.356319202563,0.239101787067,1.0,1.0,1.0,1.0,-1
1004-HV-C-L-06,0.0823297433552,0.332129720556,0.168455757686,0.236184206613,0.539027597237,0.332129720556,0.329361198178,0.236184206613,1.0,1.0,1.0,1.0,-1
1004-HV-C-L-06,0.108573553698,0.298963841732,0.144750655572,0.242933307064,0.537381675903,0.298963841732,0.279564615847,0.242933307064,1.0,1.0,0.77942906771,1.0,-1
1004-HV-C-L-06,0.110601426569,0.282310485517,0.137596965494,0.248266595536,0.531416741211,0.282310485517,0.268528317381,0.248266595536,1.0,1.0,0.72002960529,1.0,-1
1004-HV-C-L-06,0.102352043386,0.297292699817,0.148198036617,0.241310922118,0.534320119442,0.297292699817,0.284349507369,0.241310922118,1.0,1.0,0.799865802569,1.0,-1
1004-HV-C-L-06,0.0991368488916,0.315790732908,0.170197304814,0.279708554331,0.552518864398,0.315790732908,0.337869638049,0.279708554331,1.0,1.0,0.832606681306,1.0,-1
1004-HV-C-L-06,0.109153460681,0.268268469544,0.115007470997,0.203164674499,0.519885336266,0.268268469544,0.206706953193,0.203164674499,1.0,1.0,0.663374558051,1.0,-1
1004-HV-C-L-06,0.0915792991602,0.360319194982,0.192100831314,0.251116751275,0.563584270345,0.360319194982,0.339422759565,0.251116751275,1.0,1.0,0.981848084197,1.0,-1
1004-HV-C-L-06,0.0683476419587,0.387517886006,0.209452726269,0.234932500658,0.56236590548,0.387517886006,0.367564649567,0.234932500658,1.0,1.0,1.0,1.0,-1
1004-HV-C-L-06,0.0548270657449,0.408638373721,0.231895791105,0.252359993143,0.563731142746,0.408638373721,0.408188432078,0.252359993143,0.986924294291,1.0,1.0,1.0,-1
1004-HV-C-L-06,0.057455737848,0.397646898846,0.220541071234,0.247106546201,0.560450310926,0.397646898846,0.395824221666,0.247106546201,1.0,1.0,1.0,1.0,-1
1004-HV-C-L-06,0.0647264139344,0.373510510288,0.210555436275,0.241171728604,0.557783562608,0.373510510288,0.371365308062,0.241171728604,1.0,1.0,1.0,1.0,-1
1004-HV-C-L-06,0.067110765259,0.386235005427,0.204824165872,0.220187457047,0.549243482943,0.386235005427,0.364977984359,0.220187457047,0.998159095767,1.0,1.0,1.0,-1
1004-HV-C-L-06,0.0906019410279,0.22699302701,0.0854568984031,0.174889069332,0.488395676021,0.227231441183,0.190839837212,0.174889069332,1.0,1.0,0.682426606666,1.0,-1
1004-HV-C-L-06,0.0892983885676,0.185932377393,0.0641422465365,0.169747452594,0.475325355844,0.186707300736,0.158110184142,0.169747452594,1.0,1.0,0.544757233097,1.0,-1
1004-HV-C-L-06,0.0916406012199,0.220136536769,0.0864832945543,0.18244206972,0.489006215456,0.220384179704,0.191657758143,0.18244206972,1.0,1.0,0.637580309326,1.0,-1
1004-HV-C-L-06,0.0949134252281,0.20427125573,0.0746437979743,0.176418426192,0.484055285847,0.205138266247,0.168454851402,0.176418426192,1.0,1.0,0.560672304915,1.0,-1
1004-HV-C-L-06,0.0935776175812,0.223106040151,0.0790336980577,0.169397035319,0.486049114459,0.223740381362,0.182776012836,0.169397035319,1.0,1.0,0.662529930024,1.0,-1
1004-HV-C-L-06,0.0950673903351,0.227079392021,0.081655577859,0.171418748968,0.490138556965,0.227720970898,0.184684452168,0.171418748968,1.0,1.0,0.661979638788,1.0,-1
1004-HV-C-L-06,0.0907795501733,0.258961163212,0.123292003726,0.221684091089,0.514177956951,0.258961163212,0.247710728655,0.221684091089,1.0,1.0,0.714649441015,1.0,-1
1004-HV-C-L-06,0.090531820981,0.274565811034,0.128574368399,0.219914533582,0.516822151608,0.274565811034,0.260571064524,0.219914533582,1.0,1.0,0.783955589636,1.0,-1
1004-HV-C-L-06,0.100710379212,0.294696394568,0.14436280087,0.243117212299,0.532645809944,0.294696394568,0.285959979397,0.243117212299,1.0,1.0,0.806431066079,1.0,-1
1004-HV-C-L-06,0.0739502706571,0.321577933761,0.179517371617,0.264348426928,0.544937900392,0.321577933761,0.348241195789,0.264348426928,1.0,1.0,0.90467206871,1.0,-1
1004-HV-C-L-06,0.0734933448314,0.327624986945,0.187867388068,0.268783048654,0.544663857777,0.327624986945,0.356559479509,0.268783048654,1.0,1.0,0.910320069957,1.0,-1
1004-HV-C-L-06,0.0707061035632,0.347482565726,0.201303897428,0.277302347747,0.554797568621,0.347482565726,0.381692303743,0.277302347747,1.0,1.0,0.978341962697,1.0,-1
1004-HV-C-L-06,0.0580909581405,0.346939773407,0.202499818035,0.268393768121,0.545188379046,0.346939773407,0.375345775965,0.268393768121,1.0,1.0,0.988608179698,1.0,-1
1004-HV-C-L-06,0.0567353181991,0.35418228214,0.21230912625,0.263544332004,0.553629969508,0.35418228214,0.373387432209,0.263544332004,1.0,1.0,0.995011358822,1.0,-1
1004-HV-C-L-06,0.097987776955,0.231086953395,0.104518394789,0.215644678598,0.507091342984,0.231086953395,0.212030279347,0.215644678598,1.0,1.0,0.595231694885,1.0,-1
1004-HV-C-L-06,0.11494304716,0.225622432992,0.0772689780319,0.187421332042,0.500038090967,0.228000405281,0.162184847265,0.187421332042,1.0,1.0,0.5144000806,1.0,-1
1004-HV-C-L-06,0.0989724829499,0.232146528033,0.101099114568,0.207543433577,0.503983591732,0.232146528033,0.202319966379,0.207543433577,1.0,1.0,0.595579736858,1.0,-1
1004-HV-C-L-06,0.101476200238,0.211502100277,0.0898005091637,0.209448251873,0.498603950938,0.212258890792,0.179777280811,0.209448251873,1.0,1.0,0.500065168391,1.0,-1
1004-HV-C-L-06,0.106594869536,0.218206001155,0.0902442995309,0.20830982616,0.504659555223,0.219340721325,0.182208999599,0.20830982616,1.0,1.0,0.512849060259,1.0,-1
1004-HV-C-L-06,0.101355602446,0.213415810839,0.0939113165951,0.216747818631,0.500484093693,0.213904244123,0.192363430102,0.216747818631,1.0,0.97441311811,0.520727837767,1.0,-1
1004-HV-C-L-06,0.0997487641048,0.240613541806,0.109745508565,0.225229246209,0.511134503416,0.240613541806,0.223875327977,0.225229246209,1.0,1.0,0.612495138685,1.0,-1
1004-HV-C-L-06,0.0851237783097,0.277104403055,0.154756579502,0.27305669321,0.532414277152,0.277104403055,0.323692401689,0.27305669321,1.0,1.0,0.795722485164,1.0,-1
1004-HV-C-L-06,0.107160035168,0.173971535746,0.0477380415041,0.159299855689,0.47742343585,0.175990521187,0.104646824453,0.159299855689,1.0,1.0,0.360402767982,1.0,-1
1004-HV-C-L-06,0.0816572187635,0.312661213289,0.187290392931,0.309963362602,0.553901868275,0.312661213289,0.363430437577,0.309963362602,1.0,1.0,0.808491056324,1.0,-1
1004-HV-C-L-06,0.0777176374388,0.319430343069,0.190791779446,0.30824711783,0.553502965474,0.319430343069,0.38309426776,0.30824711783,1.0,1.0,0.874766131355,1.0,-1
1004-HV-C-L-06,0.0760199160309,0.313222400099,0.18867766082,0.31194766432,0.550919512127,0.313222400099,0.379559545107,0.31194766432,1.0,1.0,0.853232338126,1.0,-1
1004-HV-C-L-06,0.0820819415851,0.322053293772,0.186962091273,0.294706731333,0.551969623696,0.322053293772,0.36951044884,0.294706731333,1.0,1.0,0.875524944645,1.0,-1
1004-HV-C-L-06,0.0793218508749,0.32420842264,0.189281118092,0.298274554124,0.54993519401,0.32420842264,0.374159865617,0.298274554124,1.0,1.0,0.877533023719,1.0,-1
1004-HV-C-L-06,0.0807190656531,0.315591554348,0.177753528268,0.283014854843,0.544821040058,0.315591554348,0.357244617453,0.283014854843,1.0,1.0,0.882362892343,1.0,-1
1004-HV-C-L-06,0.0939241381204,0.211233450654,0.0694138651789,0.154163071457,0.481945389233,0.212134519117,0.149166093967,0.154163071457,1.0,1.0,0.583512821069,1.0,-1
1004-HV-C-L-06,0.094354173398,0.21127321959,0.072609924693,0.161948566029,0.483877427797,0.212116492575,0.156557741579,0.161948566029,1.0,1.0,0.583212306043,1.0,-1
1004-HV-C-L-06,0.0970950833037,0.220562691488,0.0792984938051,0.170284418811,0.489682355547,0.221353886368,0.169904257678,0.170284418811,1.0,1.0,0.611309926569,1.0,-1
1004-HV-C-L-06,0.100200033763,0.21057347672,0.0677207924355,0.157655978445,0.485140577041,0.211859559248,0.14448183598,0.157655978445,1.0,1.0,0.547834617131,1.0,-1
1004-HV-C-L-06,0.100355058676,0.216697518188,0.0696827322423,0.158022749144,0.486268249886,0.21792562804,0.151913504307,0.158022749144,1.0,1.0,0.581647141404,1.0,-1
1004-HV-C-L-06,0.096428087751,0.224902112512,0.077689949862,0.160885444634,0.488830170017,0.225683853305,0.166547978748,0.160885444634,1.0,1.0,0.638346914867,1.0,-1
1004-HV-C-L-06,0.0967669345091,0.221301174116,0.069573321932,0.146753005385,0.483414535893,0.222299671171,0.150309947822,0.146753005385,1.0,1.0,0.622153748453,1.0,-1
1004-HV-C-L-06,0.105400656903,0.165973907429,0.0460656367008,0.161746800186,0.474901821156,0.167822904597,0.10322354454,0.161746800186,1.0,1.0,0.345320569124,1.0,-1
1004-HV-C-L-06,0.0887105767434,0.272720876082,0.113337855076,0.193107090892,0.505626283183,0.272720876082,0.242754320559,0.193107090892,1.0,1.0,0.843251956803,1.0,-1
1004-HV-C-L-06,0.0957906052206,0.251146988316,0.0997537092284,0.19075547815,0.501173824928,0.251146988316,0.217706447138,0.19075547815,1.0,1.0,0.735239229323,1.0,-1
1004-HV-C-L-06,0.0953844771072,0.255306231532,0.0981487823788,0.178051673393,0.501568516194,0.255306231532,0.206757379678,0.178051673393,1.0,1.0,0.745682302182,1.0,-1
1004-HV-C-L-06,0.10042152669,0.25913621431,0.103549908443,0.198468093842,0.507535876131,0.25913621431,0.218044725303,0.198468093842,1.0,1.0,0.725561420364,1.0,-1
1004-HV-C-L-06,0.0893571731449,0.253603315101,0.119493099739,0.222881287638,0.510275423253,0.253603315101,0.24942304268,0.222881287638,1.0,1.0,0.73438492859,1.0,-1
1004-HV-C-L-06,0.109677300623,0.411356215222,0.25960100367,0.37768654907,0.618414769675,0.411356215222,0.490067386051,0.37768654907,1.0,1.0,0.943216556903,1.0,-1
1004-HV-C-L-06,0.0871759782322,0.435812706047,0.270981627125,0.377913146837,0.616012195864,0.435812706047,0.517218533796,0.377913146837,1.0,1.0,1.0,1.0,-1
1004-HV-C-L-06,0.0922289537675,0.375011717862,0.20428433578,0.301949610618,0.583883172143,0.375011717862,0.379156125367,0.301949610618,1.0,1.0,0.870213527499,1.0,-1
1004-HV-C-L-06,0.118474799878,0.377306475381,0.204102740927,0.317057177922,0.589288656483,0.377306475381,0.399285545593,0.317057177922,1.0,1.0,0.875292100294,1.0,-1
1004-HV-C-L-06,0.114502744544,0.360140868618,0.195024171148,0.3177272635,0.583245857909,0.360140868618,0.387579234571,0.3177272635,1.0,1.0,0.845038732847,1.0,-1
1004-HV-C-L-06,0.0888147865936,0.360434780269,0.207020688244,0.318786744361,0.565819079321,0.360434780269,0.411829362702,0.318786744361,1.0,1.0,0.9360468732,1.0,-1
1004-HV-C-L-06,0.126992366908,0.349506821928,0.167051978059,0.272543645981,0.568044601407,0.349506821928,0.328600289498,0.272543645981,1.0,1.0,0.880675923263,1.0,-1
1004-HV-C-L-06,0.0758981156112,0.391524420334,0.202237652906,0.242596745494,0.540141214653,0.391524420334,0.410732198889,0.242596745494,0.961955704896,1.0,1.0,1.0,-1
1004-HV-C-L-06,0.0680237917377,0.424589826085,0.238356463595,0.29759799922,0.584950415413,0.424589826085,0.46000075427,0.29759799922,0.990097482501,1.0,1.0,1.0,-1
1004-HV-C-L-06,0.0645243331065,0.393190695151,0.206905651447,0.242969638151,0.53849813329,0.393190695151,0.407887753846,0.242969638151,0.959713624341,1.0,1.0,1.0,-1
1004-HV-C-L-06,0.0581106391243,0.378427441295,0.195857436661,0.221543721306,0.514465502722,0.378427441295,0.406062912529,0.221543721306,0.921462801364,1.0,1.0,1.0,-1
1004-HV-C-L-06,0.101729693539,0.238666965738,0.0919227117832,0.183680745856,0.500788040405,0.239258270284,0.187003384703,0.183680745856,1.0,1.0,0.625716333695,1.0,-1
1004-HV-C-L-06,0.105139176502,0.158838980039,0.0297221875377,0.131969346158,0.464841421492,0.160248094522,0.0722451199434,0.131969346158,1.0,1.0,0.290373910902,1.0,-1
1004-HV-C-L-06,0.10192998656,0.15342412084,0.0311055076726,0.139118912043,0.46315835846,0.154591969759,0.0814404505543,0.139118912043,1.0,1.0,0.316931284649,1.0,-1
1004-HV-C-L-06,0.0831165469263,0.281449631842,0.130847091458,0.206924527111,0.514948334949,0.281449631842,0.266379583006,0.206924527111,1.0,1.0,0.856035558611,1.0,-1
1004-HV-C-L-06,0.0754193108012,0.293081324166,0.139388678649,0.204022522162,0.515616543754,0.293081324166,0.282718692224,0.204022522162,1.0,1.0,0.93613722423,1.0,-1
1004-HV-C-L-06,0.0972768958362,0.244095516556,0.0913708805749,0.1707221118,0.497766496095,0.244424627641,0.18496409244,0.1707221118,1.0,1.0,0.674603109755,1.0,-1
1004-HV-C-L-06,0.0869283640306,0.3847171224,0.245163231475,0.353986434724,0.600827451087,0.3847171224,0.476361815212,0.353986434724,1.0,1.0,1.0,1.0,-1
1004-HV-C-L-06,0.0961421302793,0.301219588744,0.159759660356,0.255225279447,0.540130802506,0.301219588744,0.310992636223,0.255225279447,1.0,1.0,0.831868773526,1.0,-1
1004-HV-C-L-06,0.104743507212,0.326652927026,0.17652086702,0.284267173285,0.555328031353,0.326652927026,0.35425303536,0.284267173285,1.0,1.0,0.88751774198,1.0,-1
1004-HV-C-L-06,0.105907475715,0.304706160479,0.159921357645,0.26595045995,0.544356985489,0.304706160479,0.321000250489,0.26595045995,1.0,1.0,0.835462726446,1.0,-1
1004-HV-C-L-06,0.102821083306,0.277352199345,0.134435064204,0.237752408857,0.52611078719,0.277352199345,0.2618003148,0.237752408857,1.0,1.0,0.739644843682,1.0,-1
1004-HV-C-L-06,0.102311391658,0.270640794733,0.129987705943,0.231275622699,0.524069698446,0.270640794733,0.253720876259,0.231275622699,1.0,1.0,0.719277985769,1.0,-1
1004-HV-C-L-06,0.104482280255,0.275245526183,0.135639738431,0.242568748482,0.529115971313,0.275245526183,0.262487317211,0.242568748482,1.0,1.0,0.7206080247,1.0,-1
1004-HV-C-L-06,0.083465681049,0.199119557904,0.0973272577837,0.230503285318,0.490905146282,0.199119557904,0.233755464511,0.230503285318,1.0,0.832475942919,0.614539291781,1.0,-1
1004-HV-C-L-06,0.0919571023425,0.191438921019,0.0810726625763,0.208731151643,0.487029390119,0.191928712788,0.196303036205,0.208731151643,1.0,0.902844392028,0.563238881463,1.0,-1
1004-HV-C-L-06,0.0916418572081,0.185431050687,0.0751440954098,0.200227539249,0.485125161562,0.186121111105,0.179537382847,0.200227539249,1.0,0.920930299334,0.529549646309,1.0,-1
1004-HV-C-L-06,0.083369882233,0.193006495342,0.11363521581,0.262274332338,0.502944526977,0.193006495342,0.237773219194,0.262274332338,1.0,0.648414483298,0.534065117675,1.0,-1
1004-HV-C-L-06,0.0965602765018,0.227137880519,0.0835058890389,0.174219673105,0.493392172976,0.227832637302,0.171221106512,0.174219673105,1.0,1.0,0.60752340282,1.0,-1
1004-HV-C-L-06,0.0995259742775,0.228335078737,0.0814685906161,0.175159799132,0.494716931571,0.229283078305,0.171532458392,0.175159799132,1.0,1.0,0.605824358965,1.0,-1
1004-HV-C-L-06,0.0986203711975,0.234295076643,0.0878591525398,0.178932453123,0.497058261896,0.23489139638,0.184578672959,0.178932453123,1.0,1.0,0.655373635224,1.0,-1
1004-HV-C-L-06,0.0957770716503,0.232077994762,0.0844018495463,0.168812977304,0.493874038704,0.232660816826,0.176517192336,0.168812977304,1.0,1.0,0.654915274975,1.0,-1
1004-HV-C-L-06,0.0987665088073,0.2320990501,0.079969621536,0.162868863643,0.491410701677,0.233021540579,0.173482858351,0.162868863643,1.0,1.0,0.672258631384,1.0,-1
1004-HV-C-L-06,0.0764763352369,0.325581955376,0.18202822753,0.258045686499,0.541206831154,0.325581955376,0.352962198386,0.258045686499,1.0,1.0,0.928847172063,1.0,-1
1004-HV-C-L-06,0.0783671431045,0.339980633543,0.193005107391,0.270808978916,0.5539738675,0.339980633543,0.370902158647,0.270808978916,1.0,1.0,0.964657049913,1.0,-1
1004-HV-C-L-06,0.0766787225105,0.338375964764,0.190982224399,0.261988209159,0.546284707249,0.338375964764,0.362486159888,0.261988209159,1.0,1.0,0.96521628946,1.0,-1
1004-HV-C-L-06,0.0727563976981,0.336580068198,0.188823430944,0.267150276892,0.546459624573,0.336580068198,0.373339664225,0.267150276892,1.0,1.0,0.972388245914,1.0,-1
1004-HV-C-L-06,0.0882291493231,0.322104425933,0.170452014602,0.235499541444,0.537198164188,0.322104425933,0.32024454385,0.235499541444,1.0,1.0,0.925540848164,1.0,-1
1004-HV-C-L-06,0.0742643100231,0.308881409028,0.172361811185,0.259852591859,0.53786291219,0.308881409028,0.341277097599,0.259852591859,1.0,1.0,0.873020450235,1.0,-1
1004-HV-C-L-06,0.106485186645,0.272551256436,0.128313759542,0.248105284906,0.530424389002,0.272551256436,0.260291367556,0.248105284906,1.0,1.0,0.707459397946,1.0,-1
1004-HV-C-L-06,0.104460296404,0.276530282196,0.132758213643,0.250805854905,0.531279411691,0.276530282196,0.266875145396,0.250805854905,1.0,1.0,0.701935693781,1.0,-1
1004-HV-C-L-06,0.100452141038,0.278577458025,0.135439449614,0.245080204102,0.530519470307,0.278577458025,0.269186498125,0.245080204102,1.0,1.0,0.725901520379,1.0,-1
1004-HV-C-L-06,0.102840289391,0.324799151424,0.161646725349,0.261047452281,0.54923844425,0.324799151424,0.315321772308,0.261047452281,1.0,1.0,0.869616794403,1.0,-1
1004-HV-C-L-06,0.0923645374103,0.341383919356,0.181831140117,0.273399028539,0.559980264098,0.341383919356,0.349438071134,0.273399028539,1.0,1.0,0.926842074456,1.0,-1
1004-HV-C-L-06,0.0923521330521,0.302240204238,0.159724117782,0.263045885051,0.54155832235,0.302240204238,0.304975437576,0.263045885051,1.0,1.0,0.805077328014,1.0,-1
1004-HV-C-L-06,0.0961150906746,0.290917065676,0.153320489515,0.257741053314,0.539239922751,0.290917065676,0.290835693882,0.257741053314,1.0,1.0,0.769757930728,1.0,-1
1004-HV-C-L-06,0.0891416791805,0.297383874488,0.126641339115,0.194203283718,0.516755976511,0.297383874488,0.266911180534,0.194203283718,1.0,1.0,0.977033866102,1.0,-1
1004-HV-C-L-06,0.0825934458086,0.301754391612,0.135090151011,0.202912200103,0.516889921868,0.301754391612,0.280615358421,0.202912200103,1.0,1.0,0.988500710748,1.0,-1
1004-HV-C-L-06,0.0475945077651,0.289441994335,0.126980973818,0.186375160841,0.488349714309,0.289441994335,0.337684917643,0.186375160841,1.0,1.0,1.0,1.0,-1
1004-HV-C-L-06,0.0747332247006,0.266392048767,0.114803883685,0.185269807555,0.499458206443,0.266392048767,0.249604688336,0.185269807555,1.0,1.0,0.898901934358,1.0,-1
1004-HV-C-L-06,0.0847367606845,0.289151016811,0.123532307522,0.193488174812,0.5109315443,0.289151016811,0.266650305131,0.193488174812,1.0,1.0,0.964988468002,1.0,-1
1004-HV-C-L-06,0.0767171526864,0.311569838162,0.133897955473,0.187372216009,0.51280482767,0.311569838162,0.298513646708,0.187372216009,1.0,1.0,1.0,1.0,-1
1004-HV-C-L-06,0.0783062469936,0.313934257413,0.135422137113,0.192449874442,0.515600345225,0.313934257413,0.295748523491,0.192449874442,1.0,1.0,1.0,1.0,-1
1004-HV-C-L-06,0.0863254229639,0.290768081526,0.121146633798,0.187494908457,0.509391115518,0.290768081526,0.263871885679,0.187494908457,1.0,1.0,1.0,1.0,-1
1004-HV-C-L-06,0.0849586513858,0.289125338564,0.121442307726,0.186349223981,0.508800142069,0.289125338564,0.25600416361,0.186349223981,1.0,1.0,0.967937808143,1.0,-1
1004-HV-C-L-06,0.0891578684139,0.286174316533,0.115718380581,0.182902098276,0.510056603446,0.286174316533,0.248119399392,0.182902098276,1.0,1.0,0.951129958539,1.0,-1
1004-HV-C-L-06,0.0919848960013,0.336503746298,0.178222805014,0.251473967257,0.549421907039,0.336503746298,0.332473428882,0.251473967257,1.0,1.0,0.950786698956,1.0,-1
1004-HV-C-L-06,0.0925832469767,0.374695352877,0.211135132018,0.273644485411,0.571532974758,0.374695352877,0.379297280439,0.273644485411,1.0,1.0,1.0,1.0,-1
1004-HV-C-L-06,0.0561242371221,0.360894532666,0.227075949123,0.254273861622,0.555412488132,0.360894532666,0.370403113443,0.254273861622,1.0,1.0,1.0,1.0,-1
1004-HV-C-L-06,0.0351682279743,0.425950848653,0.270296202426,0.288764315295,0.583195673687,0.425950848653,0.46704233606,0.288764315295,1.0,1.0,1.0,1.0,-1
1004-HV-C-L-06,0.0477191205772,0.387734320604,0.236316078744,0.25151805741,0.559254246267,0.387734320604,0.402609991255,0.25151805741,1.0,1.0,1.0,1.0,-1
1004-HV-C-L-06,0.0794576426203,0.430228969743,0.250017844239,0.338539256696,0.600192020676,0.430228969743,0.464096164661,0.338539256696,1.0,1.0,1.0,1.0,-1
1004-HV-C-L-06,0.00510160697334,0.496533409885,0.338994620986,0.394432998277,0.630980263989,0.496533409885,0.587108280714,0.394432998277,1.0,1.0,1.0,1.0,-1
1004-HV-C-L-06,0.0628330682248,0.438155729491,0.258430260903,0.339759070518,0.597881658117,0.438155729491,0.475545596929,0.339759070518,1.0,1.0,1.0,1.0,-1
1004-HV-C-L-06,0.071294735538,0.440358914819,0.262650453778,0.343504278599,0.607397378506,0.440358914819,0.488108070281,0.343504278599,1.0,1.0,1.0,1.0,-1
1004-HV-C-L-06,0.026216555401,0.476418176202,0.319140695905,0.398090445363,0.630868264384,0.476418176202,0.568533723932,0.398090445363,1.0,1.0,1.0,1.0,-1
1004-HV-C-L-06,0.0865249485179,0.301970913379,0.170876552688,0.26369044357,0.547022623598,0.301970913379,0.300744737398,0.26369044357,1.0,1.0,0.739121942583,1.0,-1
1004-HV-C-L-06,0.0904157907043,0.314765468341,0.179625175554,0.272262696706,0.55639470433,0.314765468341,0.31884810324,0.272262696706,1.0,1.0,0.76611591521,1.0,-1
1004-HV-C-L-06,0.0719602101466,0.335162394215,0.193712310834,0.257472771487,0.554561018285,0.335162394215,0.331780909215,0.257472771487,1.0,1.0,0.858794376698,1.0,-1
1004-HV-C-L-06,0.108538552531,0.277698363865,0.142662223265,0.257074588901,0.540962071021,0.277698363865,0.262807143994,0.257074588901,1.0,1.0,0.63794429426,1.0,-1
1004-HV-C-L-06,0.0751577133982,0.319381787037,0.205105876316,0.304922128194,0.560377435861,0.319381787037,0.362196234388,0.304922128194,1.0,1.0,0.793485122529,1.0,-1
1004-HV-C-L-06,0.101558705519,0.249974538066,0.114432105478,0.223844641881,0.515467671365,0.249974538066,0.228322886053,0.223844641881,1.0,1.0,0.640090573695,1.0,-1
1004-HV-C-L-06,0.106833881456,0.272794587059,0.121179954515,0.218833781786,0.521751961935,0.272794587059,0.235015533231,0.218833781786,1.0,1.0,0.696412478431,1.0,-1
1004-HV-C-L-06,0.0962982896155,0.296723615265,0.134112257522,0.211353189616,0.527392041759,0.296723615265,0.259355496464,0.211353189616,1.0,1.0,0.819896039291,1.0,-1
1004-HV-C-L-06,0.0931282932664,0.302376453388,0.136503593557,0.20535444505,0.526102992921,0.302376453388,0.269033812308,0.20535444505,1.0,1.0,0.899131264948,1.0,-1
1004-HV-C-L-06,0.0779344563003,0.302003869962,0.15058651142,0.216549400095,0.517944496032,0.302003869962,0.300264118182,0.216549400095,1.0,1.0,0.951709019454,1.0,-1
1004-HV-C-L-06,0.0787919657542,0.303587638712,0.150867989236,0.22135722953,0.522951197932,0.303587638712,0.30566953816,0.22135722953,1.0,1.0,0.950664571346,1.0,-1
1004-HV-C-L-06,0.0792731411043,0.299696721982,0.148355158757,0.219338934994,0.51939612105,0.299696721982,0.295517777469,0.219338934994,1.0,1.0,0.936727214752,1.0,-1
1004-HV-C-L-06,0.0743596057876,0.311486773015,0.163693012738,0.232575901082,0.524332088842,0.311486773015,0.327572344769,0.232575901082,1.0,1.0,0.981430529528,1.0,-1
1004-HV-C-L-06,0.07619438013,0.307261905942,0.155360629249,0.225686114167,0.523159465919,0.307261905942,0.313544882265,0.225686114167,1.0,1.0,0.972637862884,1.0,-1
1004-HV-C-L-06,0.0821328040554,0.254552668247,0.130900753676,0.227134216043,0.51310721449,0.254552668247,0.259528071316,0.227134216043,1.0,1.0,0.733129200088,1.0,-1
1004-HV-C-L-06,0.0777333628319,0.280984605709,0.150142223596,0.251131651926,0.52783003917,0.280984605709,0.315487572173,0.251131651926,1.0,1.0,0.848562835603,1.0,-1
1004-HV-C-L-06,0.0908918100661,0.276796017536,0.147826050776,0.262502626162,0.534980343378,0.276796017536,0.301412294172,0.262502626162,1.0,1.0,0.759796031836,1.0,-1
1004-HV-C-L-06,0.0815807928125,0.283296938236,0.158628346022,0.274618656581,0.534706219044,0.283296938236,0.331362964838,0.274618656581,1.0,1.0,0.807661377642,1.0,-1
1004-HV-C-L-06,0.0979519064964,0.301849251839,0.162325449715,0.269236572123,0.544294141858,0.301849251839,0.313437237736,0.269236572123,1.0,1.0,0.790715123322,1.0,-1
1004-HV-C-L-06,0.0887603577989,0.245783478554,0.11948218246,0.229486748598,0.511019282241,0.245783478554,0.260305539774,0.229486748598,1.0,1.0,0.712743035257,1.0,-1
1004-HV-C-L-06,0.106060115745,0.257298092843,0.119004688414,0.23387131581,0.521278538035,0.257298092843,0.24828663283,0.23387131581,1.0,1.0,0.706766623013,1.0,-1
1004-HV-C-L-06,0.102984283278,0.243662119728,0.103231106583,0.201313630205,0.506792999358,0.243662119728,0.207230278461,0.201313630205,1.0,1.0,0.652682898717,1.0,-1
1004-HV-C-L-06,0.105650997809,0.25673050001,0.108680385301,0.212980407422,0.514539472834,0.25673050001,0.221859234027,0.212980407422,1.0,1.0,0.678732292637,1.0,-1
1004-HV-C-L-06,0.100415608983,0.258189961037,0.121826607113,0.22928438056,0.518967576655,0.258189961037,0.249725466201,0.22928438056,1.0,1.0,0.711987805054,1.0,-1
1004-HV-C-L-06,0.105257121895,0.25019187911,0.107806724023,0.217729701635,0.51318605025,0.25019187911,0.232026643233,0.217729701635,1.0,1.0,0.678994113442,1.0,-1
1004-HV-C-L-06,0.109514399051,0.278736650069,0.119734975892,0.206632421688,0.519924727041,0.278736650069,0.231426194126,0.206632421688,1.0,1.0,0.740836033175,1.0,-1
1004-HV-C-L-06,0.0966752424879,0.289308045942,0.130841926692,0.203761478755,0.520962186512,0.289308045942,0.246026533305,0.203761478755,1.0,1.0,0.812514767864,1.0,-1
1004-HV-C-L-06,0.106838571183,0.282643360761,0.116667770815,0.194227111274,0.51880757585,0.282643360761,0.226833729502,0.194227111274,1.0,1.0,0.778575429635,1.0,-1
1004-HV-C-L-06,0.107299873753,0.258277175594,0.109913416969,0.21138092591,0.51649442705,0.258277175594,0.222406784612,0.21138092591,1.0,1.0,0.669954644026,1.0,-1
1004-HV-C-L-06,0.105112045087,0.238048924865,0.111511544387,0.242606533009,0.520264144856,0.238048924865,0.229046728053,0.242606533009,1.0,0.993554678519,0.587748037293,1.0,-1
1004-HV-C-L-06,0.126199524986,0.211234444798,0.0748947041744,0.21191919967,0.510080606592,0.214922384384,0.152849092579,0.21191919967,1.0,0.99324182017,0.401381513735,1.0,-1
1004-HV-C-L-06,0.120293956452,0.209266254399,0.0780294239883,0.216901200252,0.508424401447,0.212205799706,0.1687455732,0.216901200252,1.0,0.954176909535,0.452798933619,1.0,-1
1004-HV-C-L-06,0.122317597655,0.221505887413,0.0892516782408,0.224705049166,0.511720094762,0.224017610604,0.187484835692,0.224705049166,1.0,0.968216996751,0.495117032632,1.0,-1
1004-HV-C-L-06,0.109759425433,0.212663049634,0.0827719616914,0.201085237592,0.500724098944,0.214283893625,0.174848526365,0.201085237592,1.0,1.0,0.521347033017,1.0,-1
1004-HV-C-L-06,0.13663190071,0.316937690138,0.149525421936,0.275382886449,0.564597125374,0.316937690138,0.296080241034,0.275382886449,1.0,1.0,0.722783906506,1.0,-1
1004-HV-C-L-06,0.121823669102,0.323506005937,0.170495076056,0.292502066329,0.567609054102,0.323506005937,0.333992289013,0.292502066329,1.0,1.0,0.775777538077,1.0,-1
1004-HV-C-L-06,0.123069889984,0.310376163822,0.161888106804,0.287002502163,0.563777121319,0.310376163822,0.316835077156,0.287002502163,1.0,1.0,0.754941503062,1.0,-1
1004-HV-C-L-06,0.118300456404,0.30469386984,0.154847162693,0.268782930351,0.556454428028,0.30469386984,0.290166622472,0.268782930351,1.0,1.0,0.68846169161,1.0,-1
1004-HV-C-L-06,0.133936794334,0.304561197899,0.143693056509,0.274264996153,0.554086105209,0.304561197899,0.28256321041,0.274264996153,1.0,1.0,0.683372058901,1.0,-1
1004-HV-C-L-06,0.117127797574,0.34208585954,0.181172059677,0.301103009908,0.575460116587,0.34208585954,0.349307157815,0.301103009908,1.0,1.0,0.796702616634,1.0,-1
1004-HV-C-L-06,0.0943788382517,0.259078597966,0.118537573632,0.21601336832,0.514035990422,0.259078597966,0.243228351156,0.21601336832,1.0,1.0,0.731727612281,1.0,-1
1004-HV-C-L-06,0.0883280354946,0.25870081881,0.119427808633,0.213445876449,0.510866001393,0.25870081881,0.248502429033,0.213445876449,1.0,1.0,0.750018780907,1.0,-1
1004-HV-C-L-06,0.105113559323,0.257658925128,0.112504155417,0.217890424762,0.516929280755,0.257658925128,0.226670246522,0.217890424762,1.0,1.0,0.677043832084,1.0,-1
1004-HV-C-L-06,0.105686507244,0.251339776203,0.107205801436,0.214961508068,0.51314145897,0.251339776203,0.218202461062,0.214961508068,1.0,1.0,0.659144114414,1.0,-1
1004-HV-C-L-06,0.106367925926,0.250453109312,0.111812296644,0.225821853516,0.517991689472,0.250453109312,0.226826653116,0.225821853516,1.0,1.0,0.644423411916,1.0,-1
1004-HV-C-L-06,0.0866700268167,0.317521692429,0.166030682815,0.251840591332,0.539055436164,0.317521692429,0.327333972668,0.251840591332,1.0,1.0,0.906611401288,1.0,-1
1004-HV-C-L-06,0.0884137451782,0.29380189313,0.152466840601,0.239850177389,0.533012007064,0.29380189313,0.30018406756,0.239850177389,1.0,1.0,0.832195299922,1.0,-1
1004-HV-C-L-06,0.0853518042028,0.340674638877,0.182883063379,0.255198049687,0.551027095875,0.340674638877,0.349651022254,0.255198049687,1.0,1.0,0.961475196974,1.0,-1
1004-HV-C-L-06,0.077334651782,0.351333785282,0.195225508298,0.266052260764,0.557402296548,0.351333785282,0.378317832188,0.266052260764,1.0,1.0,0.988638581495,1.0,-1
1004-HV-C-L-06,0.0770342158627,0.352996049662,0.197415855881,0.271235354508,0.55857759884,0.352996049662,0.384546646441,0.271235354508,1.0,1.0,1.0,1.0,-1
1004-HV-C-L-06,0.092254126126,0.27272315342,0.170490331583,0.297076810239,0.550775008513,0.27272315342,0.303873489763,0.297076810239,1.0,0.885106168742,0.638051818901,1.0,-1
1004-HV-C-L-06,0.101485824779,0.358747554583,0.204370297133,0.337654034883,0.586531004318,0.358747554583,0.409530979959,0.337654034883,1.0,1.0,0.864137294907,1.0,-1
1004-HV-C-L-06,0.110141612787,0.260559326889,0.135909612561,0.261218985935,0.533312526789,0.260559326889,0.246283788557,0.261218985935,1.0,0.988759016257,0.584032974402,1.0,-1
1004-HV-C-L-06,0.11045745034,0.288349683172,0.156051269728,0.287678078374,0.548851310923,0.288349683172,0.294961703283,0.287678078374,1.0,1.0,0.688520136183,1.0,-1
1004-HV-C-L-06,0.119660809583,0.284372115987,0.145465547532,0.277721227519,0.54679602093,0.284372115987,0.278172395973,0.277721227519,1.0,1.0,0.661327471203,1.0,-1
1004-HV-C-L-06,0.0587385411654,0.386985027785,0.242758225036,0.329672827271,0.580466873107,0.386985027785,0.473475871191,0.329672827271,1.0,1.0,1.0,1.0,-1
1004-HV-C-L-06,0.0646937028649,0.381273644582,0.229774991863,0.315044554775,0.571425092435,0.381273644582,0.452933585823,0.315044554775,1.0,1.0,1.0,1.0,-1
1004-HV-C-L-06,0.067110245408,0.373718755979,0.222895068107,0.312453437205,0.569190811641,0.373718755979,0.445423674427,0.312453437205,1.0,1.0,1.0,1.0,-1
1004-HV-C-L-06,0.0674851817607,0.370738169981,0.229856401622,0.316756745326,0.576055257336,0.370738169981,0.448900838018,0.316756745326,1.0,1.0,1.0,1.0,-1
1004-HV-C-L-06,0.0559327317317,0.387522119509,0.246706440792,0.33186387759,0.582861112665,0.387522119509,0.481869635003,0.33186387759,1.0,1.0,1.0,1.0,-1
1004-HV-C-L-06,0.0737784051011,0.356239426759,0.214053645931,0.310359833262,0.566826476533,0.356239426759,0.423961126908,0.310359833262,1.0,1.0,0.987047847567,1.0,-1
1004-HV-C-L-06,0.104708053019,0.277753315859,0.115555790507,0.19018473305,0.514592348342,0.277753315859,0.223716050139,0.19018473305,1.0,1.0,0.797629816663,1.0,-1
1004-HV-C-L-06,0.113110779296,0.261155980406,0.104538507341,0.19101866519,0.512757407787,0.261787901844,0.198977902376,0.19101866519,1.0,1.0,0.671227463739,1.0,-1
1004-HV-C-L-06,0.1097512954,0.26598261802,0.108674128483,0.195074236526,0.514688898264,0.2660634801,0.209198622406,0.195074236526,1.0,1.0,0.703564626996,1.0,-1
1004-HV-C-L-06,0.106449052283,0.26924890531,0.112106482672,0.193796128365,0.514862127266,0.26924890531,0.217781872073,0.193796128365,1.0,1.0,0.731684942412,1.0,-1
1004-HV-C-L-06,0.115485866926,0.223461576542,0.0969113826706,0.234256562392,0.515385227094,0.224831448355,0.209205184134,0.234256562392,1.0,0.954564546193,0.549796541805,1.0,-1
1004-HV-C-L-06,0.118968319541,0.221890817791,0.0933380523556,0.230466763061,0.51405041292,0.223727432986,0.199584586584,0.230466763061,1.0,0.9516859691,0.527377346525,1.0,-1
1004-HV-C-L-06,0.0824260988579,0.413886816404,0.254421403671,0.35800358548,0.602085725397,0.413886816404,0.45794874724,0.35800358548,1.0,1.0,0.98064868182,1.0,-1
1004-HV-C-L-06,0.0820956138185,0.418412995992,0.25908000617,0.362555698711,0.609782762467,0.418412995992,0.461023519153,0.362555698711,1.0,1.0,0.962678911241,1.0,-1
1004-HV-C-L-06,0.0982991299019,0.405899292492,0.242921243429,0.352104537154,0.608274307885,0.405899292492,0.443023016653,0.352104537154,1.0,1.0,0.933677730442,1.0,-1
1004-HV-C-L-06,0.102736272769,0.378419320496,0.219581730164,0.337494161548,0.586847152716,0.378419320496,0.402169423909,0.337494161548,1.0,1.0,0.869449283708,1.0,-1
1004-HV-C-L-06,0.111718377842,0.369314287049,0.215462698002,0.337830643887,0.590343702328,0.369314287049,0.386424829728,0.337830643887,1.0,1.0,0.83530697368,1.0,-1
1004-HV-C-L-06,0.0321308295608,0.420959737611,0.267161571619,0.326043048683,0.591950954665,0.420959737611,0.465970381667,0.326043048683,1.0,1.0,1.0,1.0,-1
1004-HV-C-L-06,0.044087999165,0.406871662504,0.250645889631,0.320605750724,0.583052633976,0.406871662504,0.452534894801,0.320605750724,1.0,1.0,1.0,1.0,-1
1004-HV-C-L-06,0.0405969544418,0.40906583055,0.254121443202,0.325246017148,0.585965739047,0.40906583055,0.453009964698,0.325246017148,1.0,1.0,1.0,1.0,-1
1004-HV-C-L-06,0.073611593056,0.366867739986,0.209533568705,0.290073048302,0.568112618442,0.366867739986,0.38485765805,0.290073048302,1.0,1.0,0.993468120322,1.0,-1
1004-HV-C-L-06,0.0790110938352,0.372896498957,0.208639273912,0.293677258599,0.574157117887,0.372896498957,0.388130401338,0.293677258599,1.0,1.0,1.0,1.0,-1
1004-HV-C-L-06,0.0720889085737,0.378307791573,0.215833513664,0.299543130635,0.575563491578,0.378307791573,0.398606434805,0.299543130635,1.0,1.0,1.0,1.0,-1
1004-HV-C-L-06,0.0811907422063,0.394032855911,0.236587440127,0.327134156253,0.599458722671,0.394032855911,0.449330005708,0.327134156253,1.0,1.0,0.976131008287,1.0,-1
1004-HV-C-L-06,0.0756744144091,0.3706549666,0.223994086038,0.317096406887,0.579726958126,0.3706549666,0.428213187086,0.317096406887,1.0,1.0,0.974336038689,1.0,-1
1004-HV-C-L-06,0.0746835826799,0.409642618824,0.241252599659,0.331265242816,0.600591869328,0.409642618824,0.468614378845,0.331265242816,1.0,1.0,1.0,1.0,-1
1004-HV-C-L-06,0.0627718944109,0.422718999533,0.257026881611,0.337632302669,0.606670493884,0.422718999533,0.486777613422,0.337632302669,1.0,1.0,1.0,1.0,-1
1004-HV-C-L-06,0.0547386114989,0.423593118058,0.262840876415,0.340490161621,0.605185975396,0.423593118058,0.491667952575,0.340490161621,1.0,1.0,1.0,1.0,-1
1004-HV-C-L-06,0.0904199266588,0.373659632795,0.198651799352,0.284852004814,0.571470371854,0.373659632795,0.386873889431,0.284852004814,1.0,1.0,1.0,1.0,-1
1004-HV-C-L-06,0.0818436293217,0.373219902593,0.209080181738,0.291431060047,0.575246678292,0.373219902593,0.399338218528,0.291431060047,1.0,1.0,1.0,1.0,-1
1004-HV-C-L-06,0.0910638582957,0.365346398659,0.199624376186,0.288364743243,0.574464922808,0.365346398659,0.380939799665,0.288364743243,1.0,1.0,0.980706975352,1.0,-1
1004-HV-C-L-06,0.087500320577,0.373232146515,0.206462671684,0.290403054684,0.577703663832,0.373232146515,0.396348530326,0.290403054684,1.0,1.0,1.0,1.0,-1
1004-HV-C-L-06,0.0577568724669,0.424153613725,0.255638345,0.304455267199,0.598505842081,0.424153613725,0.468091127426,0.304455267199,1.0,1.0,1.0,1.0,-1
1004-HV-C-L-06,0.0688635720965,0.405524086525,0.236929541386,0.294262240226,0.58673271321,0.405524086525,0.432163048172,0.294262240226,1.0,1.0,1.0,1.0,-1
1004-HV-C-L-06,0.109672647857,0.410511890034,0.22760320263,0.312905256277,0.605321491591,0.410511890034,0.429670210768,0.312905256277,1.0,1.0,1.0,1.0,-1
1004-HV-C-L-06,0.0938940857183,0.417701951053,0.236181346368,0.314991561004,0.605331494288,0.417701951053,0.44611209862,0.314991561004,1.0,1.0,1.0,1.0,-1
1004-HV-C-L-06,0.0978150466428,0.419753148706,0.240073306454,0.317668069618,0.610723284679,0.419753148706,0.451709777014,0.317668069618,1.0,1.0,1.0,1.0,-1
1004-HV-C-L-06,0.0994109743048,0.414463407921,0.233887881466,0.317826413049,0.608148121047,0.414463407921,0.446794162944,0.317826413049,1.0,1.0,1.0,1.0,-1
1004-HV-C-L-06,0.102649373706,0.407756147953,0.229009546617,0.310947407668,0.601662001094,0.407756147953,0.432730230926,0.310947407668,1.0,1.0,0.996580587152,1.0,-1
1004-HV-C-L-06,0.0878778771279,0.294407773442,0.15083081754,0.24143112072,0.531798744165,0.294407773442,0.288723651471,0.24143112072,1.0,1.0,0.793069989241,1.0,-1
1004-HV-C-L-06,0.0866012575599,0.288290251498,0.162702797652,0.264365049469,0.535394598412,0.288290251498,0.301700175888,0.264365049469,1.0,1.0,0.736049784758,1.0,-1
1004-HV-C-L-06,0.086997255878,0.288948463273,0.161708294911,0.266972132901,0.536972355182,0.288948463273,0.305515394147,0.266972132901,1.0,1.0,0.754272776205,1.0,-1
1004-HV-C-L-06,0.0654675709252,0.323742754565,0.184317865665,0.25660288771,0.536260223915,0.323742754565,0.34591640438,0.25660288771,1.0,1.0,0.935507159241,1.0,-1
1004-HV-C-L-06,0.0703695452414,0.317636661646,0.181000671307,0.255644906339,0.537752841711,0.317636661646,0.335789737718,0.255644906339,1.0,1.0,0.902832266383,1.0,-1
1004-HV-C-L-06,0.0966451212745,0.360702898106,0.185496583315,0.256416915845,0.560113611427,0.360702898106,0.356038695915,0.256416915845,1.0,1.0,0.995506226699,1.0,-1
1004-HV-C-L-06,0.0938621887506,0.35914419719,0.18528326638,0.250721148724,0.562173089267,0.35914419719,0.355441852768,0.250721148724,1.0,1.0,1.0,1.0,-1
1004-HV-C-L-06,0.0935088468852,0.354256900114,0.184486903575,0.25443567303,0.560629913662,0.354256900114,0.354939160275,0.25443567303,1.0,1.0,1.0,1.0,-1
1004-HV-C-L-06,0.10019778225,0.355715629934,0.181740404199,0.258620781886,0.560572506857,0.355715629934,0.348426212374,0.258620781886,1.0,1.0,0.971967434799,1.0,-1
1004-HV-C-L-06,0.100729595836,0.351370705824,0.177232245201,0.252634972355,0.559538330826,0.351370705824,0.343809608696,0.252634972355,1.0,1.0,0.970701189435,1.0,-1
1004-HV-C-L-06,0.0430077744467,0.41844666869,0.253472659111,0.298824484373,0.59436954583,0.41844666869,0.418889319332,0.298824484373,1.0,1.0,1.0,1.0,-1
1004-HV-C-L-06,0.0857756032973,0.3409866828,0.186546753814,0.284068165558,0.564982265763,0.3409866828,0.360603959123,0.284068165558,1.0,1.0,0.880756084123,1.0,-1
1004-HV-C-L-06,0.081924213347,0.340293004949,0.184998899848,0.278330910862,0.5630899847,0.340293004949,0.358348799665,0.278330910862,1.0,1.0,0.884630089132,1.0,-1
1004-HV-C-L-06,0.0842382521199,0.352789235534,0.190527761587,0.274986658684,0.565404873298,0.352789235534,0.365656627087,0.274986658684,1.0,1.0,0.930307149898,1.0,-1
1004-HV-C-L-06,0.0747782596532,0.36525121544,0.201186953395,0.281736440586,0.575006803893,0.36525121544,0.389265710442,0.281736440586,1.0,1.0,0.975323377435,1.0,-1
1004-HV-C-L-06,0.110249574898,0.358359552423,0.194823979508,0.312639525204,0.584975524869,0.358359552423,0.378210286132,0.312639525204,1.0,1.0,0.820844562775,1.0,-1
1004-HV-C-L-06,0.114255962693,0.348936072094,0.186037915908,0.305114973511,0.578429299831,0.348936072094,0.367060407929,0.305114973511,1.0,1.0,0.815476856285,1.0,-1
1004-HV-C-L-06,0.116138500008,0.354090768647,0.186991727418,0.309487815562,0.582516329023,0.354090768647,0.363962007467,0.309487815562,1.0,1.0,0.801157909267,1.0,-1
1004-HV-C-L-06,0.12121315318,0.33447948409,0.172152536638,0.305880322226,0.572813657934,0.33447948409,0.348342091332,0.305880322226,1.0,1.0,0.783072240929,1.0,-1
1004-HV-C-L-06,0.108942589124,0.350990960745,0.180057210948,0.280981935549,0.564916643563,0.350990960745,0.340945577796,0.280981935549,1.0,1.0,0.83264942352,1.0,-1
1004-HV-C-L-06,0.117506769969,0.34197062465,0.171521315254,0.283398009108,0.566822944553,0.34197062465,0.329367072036,0.283398009108,1.0,1.0,0.793101519429,1.0,-1
1004-HV-C-L-06,0.069249488497,0.414393945296,0.25196679249,0.332273674868,0.602851911071,0.414393945296,0.468330538737,0.332273674868,1.0,1.0,1.0,1.0,-1
1004-HV-C-L-06,0.0766744562081,0.418925519863,0.262929203896,0.333797816682,0.614137588514,0.418925519863,0.467545075844,0.333797816682,1.0,1.0,0.990981412947,1.0,-1
1004-HV-C-L-06,0.07295788339,0.388397787425,0.227684297519,0.294475285304,0.579238307494,0.388397787425,0.430928195927,0.294475285304,1.0,1.0,1.0,1.0,-1
1004-HV-C-L-06,0.0517299298166,0.445318845232,0.274183146771,0.31607495271,0.609505920688,0.445318845232,0.497851401158,0.31607495271,1.0,1.0,1.0,1.0,-1
1004-HV-C-L-06,0.0474573817113,0.446429868582,0.271303369304,0.302877846767,0.603782805841,0.446429868582,0.490902878107,0.302877846767,1.0,1.0,1.0,1.0,-1
1004-HV-C-L-06,0.083471703102,0.397645047474,0.246541248641,0.343778055049,0.596960312128,0.397645047474,0.462394459653,0.343778055049,1.0,1.0,1.0,1.0,-1
1004-HV-C-L-06,0.0816426721378,0.408508347239,0.257831341176,0.356882613102,0.606589590317,0.408508347239,0.481765567797,0.356882613102,1.0,1.0,1.0,1.0,-1
1004-HV-C-L-06,0.0808041249241,0.399050342471,0.245992703924,0.343341078496,0.600577356117,0.399050342471,0.472834738711,0.343341078496,1.0,1.0,1.0,1.0,-1
1004-HV-C-L-06,0.094701151698,0.382055891162,0.22326163288,0.322860726962,0.588433379723,0.382055891162,0.426851497355,0.322860726962,1.0,1.0,0.966165769195,1.0,-1
1004-HV-C-L-06,0.0962368660989,0.375228243238,0.222993172638,0.326098557556,0.588663432296,0.375228243238,0.42264711628,0.326098557556,1.0,1.0,0.926181717179,1.0,-1
1004-HV-C-L-06,0.0822919239621,0.294048615484,0.190372473284,0.312678423776,0.557479570562,0.294048615484,0.368722622722,0.312678423776,1.0,0.855832812482,0.762216542604,1.0,-1
1004-HV-C-L-06,0.0929553602392,0.335075939272,0.178429182329,0.275947766489,0.546609514788,0.335075939272,0.363946821465,0.275947766489,1.0,1.0,0.918540484523,1.0,-1
1004-HV-C-L-06,0.0908894675953,0.337990285744,0.179464617682,0.272945626545,0.546741051466,0.337990285744,0.360916824791,0.272945626545,1.0,1.0,0.922025387565,1.0,-1
1004-HV-C-L-06,0.0984989862567,0.302737030531,0.153962869381,0.257454644561,0.53594370192,0.302737030531,0.306544767009,0.257454644561,1.0,1.0,0.805860878118,1.0,-1
1004-HV-C-L-06,0.0985978368387,0.297448999402,0.153337864236,0.261403416705,0.532236115074,0.297448999402,0.307166842103,0.261403416705,1.0,1.0,0.789037294703,1.0,-1
1004-HV-C-L-06,0.0866377325819,0.387971502151,0.224634381468,0.307637419748,0.584777146892,0.387971502151,0.42401654053,0.307637419748,1.0,1.0,1.0,1.0,-1
1004-HV-C-L-06,0.08774752194,0.376236253366,0.217153940548,0.305287834619,0.585131699941,0.376236253366,0.412298058573,0.305287834619,1.0,1.0,0.957640569923,1.0,-1
1004-HV-C-L-06,0.0873496736801,0.371187019738,0.211814845001,0.302190597924,0.575874696734,0.371187019738,0.400286230328,0.302190597924,1.0,1.0,0.951896637306,1.0,-1
1004-HV-C-L-06,0.088136814534,0.376070078642,0.213564055391,0.303177998406,0.579578273196,0.376070078642,0.401456299902,0.303177998406,1.0,1.0,0.958671000729,1.0,-1
1004-HV-C-L-06,0.086868792856,0.386776995841,0.223313761463,0.30821464275,0.587457069515,0.386776995841,0.425735528041,0.30821464275,1.0,1.0,1.0,1.0,-1
1004-HV-C-L-06,0.113088257777,0.414911605058,0.236990924143,0.352453215124,0.611107334614,0.414911605058,0.436631307803,0.352453215124,1.0,1.0,0.894034065509,1.0,-1
1004-HV-C-L-06,0.10934378948,0.410013699946,0.239587263682,0.347275848263,0.606146944316,0.410013699946,0.4373584576,0.347275848263,1.0,1.0,0.89383797934,1.0,-1
1004-HV-C-L-06,0.105924782497,0.414929652799,0.242180007143,0.352707597177,0.609481865115,0.414929652799,0.45118964748,0.352707597177,1.0,1.0,0.929550454291,1.0,-1
1004-HV-C-L-06,0.106117318116,0.406967564256,0.23889337846,0.351197741535,0.604972918161,0.406967564256,0.445171401344,0.351197741535,1.0,1.0,0.915474566453,1.0,-1
1004-HV-C-L-06,0.114831446489,0.412181965127,0.240199348705,0.358326421919,0.610591241851,0.412181965127,0.452454383993,0.358326421919,1.0,1.0,0.896627032704,1.0,-1
1004-HV-C-L-06,0.0857170293196,0.454379056952,0.262964410567,0.339318159076,0.611047512301,0.454379056952,0.508363910759,0.339318159076,1.0,1.0,1.0,1.0,-1
1004-HV-C-L-06,0.0806517509736,0.458441402397,0.266871276086,0.329080725114,0.61632842509,0.458441402397,0.515032987679,0.329080725114,1.0,1.0,1.0,1.0,-1
1004-HV-C-L-06,0.0934319873462,0.449145235395,0.260877618404,0.346406431685,0.618414233863,0.449145235395,0.499541939898,0.346406431685,1.0,1.0,1.0,1.0,-1
1004-HV-C-L-06,0.109486322776,0.428117698039,0.237501044318,0.323747603922,0.607739618453,0.428117698039,0.463100287246,0.323747603922,1.0,1.0,1.0,1.0,-1
1004-HV-C-L-06,0.109329633462,0.416997642523,0.229701665897,0.325363597886,0.59981645254,0.416997642523,0.450507959433,0.325363597886,1.0,1.0,1.0,1.0,-1
1004-HV-C-L-06,0.0958343149675,0.42468086562,0.247690107106,0.337382005957,0.60761849219,0.42468086562,0.480742399211,0.337382005957,1.0,1.0,1.0,1.0,-1
1004-HV-C-L-06,0.0983520139094,0.366472966878,0.192545473512,0.273511897812,0.570281756166,0.366472966878,0.362199305615,0.273511897812,1.0,1.0,0.940381820229,1.0,-1
1004-HV-C-L-06,0.105342208567,0.378565491964,0.199525667772,0.285812003876,0.575703025766,0.378565491964,0.379217280505,0.285812003876,1.0,1.0,0.953612567703,1.0,-1
1004-HV-C-L-06,0.107363563779,0.359121795121,0.186894763933,0.273792758076,0.568315076999,0.359121795121,0.349063302772,0.273792758076,1.0,1.0,0.899296696566,1.0,-1
1004-HV-C-L-06,0.108988467184,0.359038115151,0.18893166387,0.282654675395,0.57180690396,0.359038115151,0.354771092577,0.282654675395,1.0,1.0,0.888353693133,1.0,-1
1004-HV-C-L-06,0.0984257475146,0.373730216403,0.202035953822,0.282487631969,0.569985637493,0.373730216403,0.382736310111,0.282487631969,1.0,1.0,0.987590957761,1.0,-1
1004-HV-C-L-06,0.0904829961966,0.331736052899,0.186996908748,0.289906599281,0.558195633392,0.331736052899,0.36814556932,0.289906599281,1.0,1.0,0.887250991752,1.0,-1
1004-HV-C-L-06,0.0858270801273,0.339402578108,0.192676255733,0.290888334319,0.558210648878,0.339402578108,0.383729566654,0.290888334319,1.0,1.0,0.949707632226,1.0,-1
1004-HV-C-L-06,0.0844677672377,0.331591814663,0.19318630638,0.298009607159,0.559817221132,0.331591814663,0.385360674096,0.298009607159,1.0,1.0,0.911516290058,1.0,-1
1004-HV-C-L-06,0.0849686244524,0.330297037427,0.187547502615,0.288426472397,0.557963265481,0.330297037427,0.375703742213,0.288426472397,1.0,1.0,0.913636713754,1.0,-1
1004-HV-C-L-06,0.0803797439386,0.332548478976,0.192885031754,0.295597183156,0.558824085599,0.332548478976,0.382704858084,0.295597183156,1.0,1.0,0.919582460008,1.0,-1
1004-HV-C-L-06,0.052197155209,0.336745316683,0.173597532797,0.235784415911,0.529656945446,0.336745316683,0.376474214999,0.235784415911,1.0,1.0,1.0,1.0,-1
1004-HV-C-L-06,0.0528449041323,0.329392871625,0.168493563213,0.230055336225,0.523147545731,0.329392871625,0.35945690796,0.230055336225,1.0,1.0,1.0,1.0,-1
1004-HV-C-L-06,0.0779316858033,0.278302975535,0.122302826111,0.196952389328,0.508892587813,0.278302975535,0.262374324742,0.196952389328,1.0,1.0,0.897272416665,1.0,-1
1004-HV-C-L-06,0.0520955680264,0.329168800124,0.173855346814,0.243039236877,0.528194869458,0.329168800124,0.368870758821,0.243039236877,1.0,1.0,1.0,1.0,-1
1004-HV-C-L-06,0.0715851152303,0.281326521079,0.126996093891,0.203582330036,0.50620456015,0.281326521079,0.278533477861,0.203582330036,1.0,1.0,0.930339796775,1.0,-1
1004-HV-C-L-06,0.0835092743205,0.407926823063,0.241457808078,0.345931733035,0.600615254423,0.407926823063,0.456692072687,0.345931733035,1.0,1.0,0.943520098922,1.0,-1
1004-HV-C-L-06,0.0748409485252,0.414008143445,0.253009283434,0.355730842349,0.609824818919,0.414008143445,0.482258170094,0.355730842349,1.0,1.0,0.972957372304,1.0,-1
1004-HV-C-L-06,0.0847509461156,0.397846427258,0.23180984264,0.331526385971,0.5967563972,0.397846427258,0.44097732981,0.331526385971,1.0,1.0,0.924756710659,1.0,-1
1004-HV-C-L-06,0.0813625293122,0.387912622197,0.229563481647,0.337811943563,0.595165423948,0.387912622197,0.437152094842,0.337811943563,1.0,1.0,0.902653804889,1.0,-1
1004-HV-C-L-06,0.0892641607902,0.396773993805,0.233332233009,0.346239241678,0.599083808795,0.396773993805,0.45156175913,0.346239241678,1.0,1.0,0.930377750902,1.0,-1
1004-HV-C-L-06,0.0849860887918,0.402564082773,0.235076753206,0.335528558501,0.600915781946,0.402564082773,0.428999212441,0.335528558501,1.0,1.0,0.917483408182,1.0,-1
1004-HV-C-L-06,0.0956140239587,0.382358133988,0.216022978933,0.329835676855,0.593822549491,0.382358133988,0.403389229666,0.329835676855,1.0,1.0,0.879252670006,1.0,-1
1004-HV-C-L-06,0.0783605429825,0.388500108688,0.226464826508,0.332652805859,0.592850773274,0.388500108688,0.422052036783,0.332652805859,1.0,1.0,0.909238793006,1.0,-1
1004-HV-C-L-06,0.0878204547635,0.389968920493,0.22218341573,0.331452507396,0.596440917019,0.389968920493,0.416254869557,0.331452507396,1.0,1.0,0.908399276545,1.0,-1
1004-HV-C-L-06,0.0832830293409,0.399893654914,0.233168073694,0.339760363829,0.599236900268,0.399893654914,0.430987937771,0.339760363829,1.0,1.0,0.910905161804,1.0,-1
1004-HV-C-L-06,0.106570281383,0.351311304164,0.203609253999,0.336255193034,0.582445488993,0.351311304164,0.394727490043,0.336255193034,1.0,1.0,0.8677995311,1.0,-1
1004-HV-C-L-06,0.113657179407,0.338627435992,0.193967498688,0.323871135987,0.578750683041,0.338627435992,0.371683958703,0.323871135987,1.0,1.0,0.8392162035,1.0,-1
1004-HV-C-L-06,0.120927091328,0.342675680877,0.189421771858,0.329298373156,0.578068224783,0.342675680877,0.368705120866,0.329298373156,1.0,1.0,0.831172625005,1.0,-1
1004-HV-C-L-06,0.106877973985,0.348017924993,0.205284255671,0.338257367839,0.582906738435,0.348017924993,0.400579240738,0.338257367839,1.0,1.0,0.888839419434,1.0,-1
1004-HV-C-L-06,0.105030656683,0.354690108529,0.207042576439,0.334552571756,0.586367100021,0.354690108529,0.397853386098,0.334552571756,1.0,1.0,0.883901237516,1.0,-1
1004-HV-C-L-06,0.0919403560068,0.308912022384,0.149759189289,0.235822489274,0.536898872115,0.308912022384,0.298058976937,0.235822489274,1.0,1.0,0.886127326545,1.0,-1
1004-HV-C-L-06,0.0890743157134,0.30454406821,0.150519218938,0.239072673092,0.534409766252,0.30454406821,0.301531779675,0.239072673092,1.0,1.0,0.873601925815,1.0,-1
1004-HV-C-L-06,0.0885513054852,0.295477706268,0.146784144645,0.241555730437,0.532275355706,0.295477706268,0.293015411834,0.241555730437,1.0,1.0,0.829868228624,1.0,-1
1004-HV-C-L-06,0.0866063169259,0.294989955718,0.147617271776,0.23895721902,0.531647166052,0.294989955718,0.295956647142,0.23895721902,1.0,1.0,0.832662999115,1.0,-1
1004-HV-C-L-06,0.0955067134652,0.276610940191,0.134227295666,0.239192773587,0.527085993937,0.276610940191,0.272296962837,0.239192773587,1.0,1.0,0.750259435179,1.0,-1
1004-HV-C-L-06,0.100443331915,0.278719447481,0.128434127522,0.230775154302,0.527429392782,0.278719447481,0.260602506317,0.230775154302,1.0,1.0,0.760535659632,1.0,-1
1004-HV-C-L-06,0.0438605630285,0.444358611202,0.280500864786,0.335994865479,0.59703002561,0.444358611202,0.528925569052,0.335994865479,1.0,1.0,1.0,1.0,-1
1004-HV-C-L-06,0.0497669626467,0.446056621637,0.282503760006,0.32801945368,0.602864918558,0.446056621637,0.512070805508,0.32801945368,1.0,1.0,1.0,1.0,-1
1004-HV-C-L-06,0.0414138389767,0.449409106006,0.285833209892,0.336009873866,0.59822502428,0.449409106006,0.526179987193,0.336009873866,1.0,1.0,1.0,1.0,-1
1004-HV-C-L-06,0.0428861588809,0.440370380566,0.280555990673,0.335881813345,0.596766666008,0.440370380566,0.525500047522,0.335881813345,1.0,1.0,1.0,1.0,-1
1004-HV-C-L-06,0.0448817480421,0.448800639585,0.286550798895,0.343620641277,0.598622137403,0.448800639585,0.524625001448,0.343620641277,1.0,1.0,1.0,1.0,-1
1004-HV-C-L-06,0.0821507402431,0.260605245486,0.116955359559,0.201474028134,0.502101943848,0.260605245486,0.266258380193,0.201474028134,1.0,1.0,0.867538828103,1.0,-1
1004-HV-C-L-06,0.0645425125989,0.364074700993,0.203650373848,0.255402095664,0.54311884546,0.364074700993,0.407701260798,0.255402095664,1.0,1.0,1.0,1.0,-1
1004-HV-C-L-06,0.069163219088,0.358175084322,0.200761264992,0.251787127057,0.54662029681,0.358175084322,0.39433685629,0.251787127057,1.0,1.0,1.0,1.0,-1
1004-HV-C-L-06,0.0661486305984,0.350765288107,0.196900668174,0.252296458879,0.541067210141,0.350765288107,0.39317875008,0.252296458879,1.0,1.0,1.0,1.0,-1
1004-HV-C-L-06,0.0752933047971,0.344863572825,0.191441261444,0.258180945552,0.543171763394,0.344863572825,0.379822914411,0.258180945552,1.0,1.0,1.0,1.0,-1
1004-HV-C-L-06,0.0753565437381,0.341370272983,0.19103914842,0.262525717485,0.541827834302,0.341370272983,0.380324340085,0.262525717485,1.0,1.0,1.0,1.0,-1
1004-HV-C-L-06,0.0765399798889,0.346117336981,0.189262131356,0.264414861824,0.547747490199,0.346117336981,0.381468776477,0.264414861824,1.0,1.0,1.0,1.0,-1
1004-HV-C-L-06,0.0971921322083,0.307285699774,0.146028020427,0.229826643984,0.532422599788,0.307285699774,0.29412775661,0.229826643984,1.0,1.0,0.93103807622,1.0,-1
1004-HV-C-L-06,0.0975280406168,0.303186604727,0.141844463939,0.220976099718,0.529100631916,0.303186604727,0.28635927905,0.220976099718,1.0,1.0,0.929423411294,1.0,-1
1004-HV-C-L-06,0.0961962160904,0.306030302218,0.148880118428,0.228252114533,0.532772438989,0.306030302218,0.299969559847,0.228252114533,1.0,1.0,0.940131907599,1.0,-1
1004-HV-C-L-06,0.0908281620856,0.314540360481,0.153907123021,0.22761914824,0.533543105485,0.314540360481,0.308634529527,0.22761914824,1.0,1.0,0.986897467345,1.0,-1
1004-HV-C-L-06,0.0978292312114,0.311492390009,0.152319909916,0.232022736537,0.533288392839,0.311492390009,0.303691148249,0.232022736537,1.0,1.0,0.953918073814,1.0,-1
1004-HV-C-L-06,0.0894899879507,0.293500190007,0.129150950728,0.198270121398,0.517230502246,0.293500190007,0.271586575075,0.198270121398,1.0,1.0,0.968734044151,1.0,-1
1004-HV-C-L-06,0.0442873711057,0.444634631895,0.283918032036,0.337293597497,0.619250630936,0.444634631895,0.504522999427,0.337293597497,1.0,1.0,1.0,1.0,-1
1004-HV-C-L-06,0.0465730752442,0.445910967826,0.287700261312,0.334966010085,0.625040750215,0.445910967826,0.507019524343,0.334966010085,1.0,1.0,1.0,1.0,-1
1004-HV-C-L-06,0.0439607629968,0.433108299146,0.27587748234,0.328783205781,0.613117246693,0.433108299146,0.485642646267,0.328783205781,1.0,1.0,1.0,1.0,-1
1004-HV-C-L-06,0.049262379284,0.452044478526,0.285034636394,0.335640288484,0.623924381254,0.452044478526,0.500669374675,0.335640288484,1.0,1.0,1.0,1.0,-1
1004-HV-C-L-06,0.0561602205263,0.446353012169,0.27992328768,0.338578877781,0.622759775114,0.446353012169,0.508124516409,0.338578877781,1.0,1.0,1.0,1.0,-1
1004-HV-C-L-06,0.104519856742,0.29101699496,0.130127619684,0.222837537588,0.530601769938,0.29101699496,0.255741796835,0.222837537588,1.0,1.0,0.770219163956,1.0,-1
1004-HV-C-L-06,0.0819110530368,0.345879737594,0.169285121114,0.241093361589,0.541571835648,0.345879737594,0.338831888814,0.241093361589,1.0,1.0,1.0,1.0,-1
1004-HV-C-L-06,0.0931843231773,0.296814091591,0.131328424081,0.211962386182,0.522059353133,0.296814091591,0.265989137498,0.211962386182,1.0,1.0,0.84899836241,1.0,-1
1004-HV-C-L-06,0.0826556202151,0.321937894068,0.15757933052,0.235675360496,0.533370880013,0.321937894068,0.319527914325,0.235675360496,1.0,1.0,0.954711576402,1.0,-1
1004-HV-C-L-06,0.0610055619384,0.36197904173,0.201552830122,0.259767998964,0.553032037202,0.36197904173,0.370392293202,0.259767998964,1.0,1.0,1.0,1.0,-1
1004-HV-C-L-06,0.0626970574986,0.37463550332,0.202083297904,0.251504169548,0.552499201603,0.37463550332,0.388704042253,0.251504169548,1.0,1.0,1.0,1.0,-1
1004-HV-C-L-06,0.067997631031,0.34513051598,0.163635597387,0.197143543692,0.527980963066,0.34513051598,0.327958427436,0.197143543692,1.0,1.0,1.0,1.0,-1
1004-HV-C-L-06,0.0665281133177,0.35483238596,0.172447052122,0.20012289842,0.532058131931,0.35483238596,0.342493132944,0.20012289842,1.0,1.0,1.0,1.0,-1
1004-HV-C-L-06,0.0688344228321,0.344798350462,0.159113166159,0.193121784333,0.525313856296,0.344798350462,0.327942425939,0.193121784333,1.0,1.0,1.0,1.0,-1
1004-HV-C-L-06,0.0576831414887,0.356267457753,0.174953951266,0.217563026928,0.528882680128,0.356267457753,0.362758614247,0.217563026928,0.998268142814,1.0,1.0,1.0,-1
1004-HV-C-L-06,0.0686154846466,0.345733304732,0.164467772002,0.207794744905,0.528569480095,0.345733304732,0.339231248661,0.207794744905,1.0,1.0,1.0,1.0,-1
1004-HV-C-L-06,0.120300571131,0.358198127902,0.201014774168,0.329916613274,0.59190597823,0.358198127902,0.381408081448,0.329916613274,1.0,1.0,0.81368865894,1.0,-1
1004-HV-C-L-06,0.116618994647,0.341892184631,0.187800555812,0.313902510657,0.581994445547,0.341892184631,0.358167936326,0.313902510657,1.0,1.0,0.793237322003,1.0,-1
1004-HV-C-L-06,0.121112725655,0.347361744016,0.186077956915,0.315494252943,0.582780251658,0.347361744016,0.361057116266,0.315494252943,1.0,1.0,0.808302705146,1.0,-1
1004-HV-C-L-06,0.11902475901,0.353995051032,0.192361827691,0.321011817915,0.5829995837,0.353995051032,0.37559422172,0.321011817915,1.0,1.0,0.829021789294,1.0,-1
1004-HV-C-L-06,0.117343152599,0.345886392553,0.18654765186,0.313160087817,0.579586159838,0.345886392553,0.366041764024,0.313160087817,1.0,1.0,0.823812172724,1.0,-1
1004-HV-C-L-06,0.101482425862,0.358256568154,0.203016017028,0.311557455789,0.579537419509,0.358256568154,0.388536457332,0.311557455789,1.0,1.0,0.869599406604,1.0,-1
1004-HV-C-L-06,0.108975996917,0.338481407183,0.184734697432,0.294235559614,0.573196314982,0.338481407183,0.344498204372,0.294235559614,1.0,1.0,0.79287619519,1.0,-1
1004-HV-C-L-06,0.10310842083,0.340272615697,0.188452740178,0.296561965699,0.573069071425,0.340272615697,0.352140475097,0.296561965699,1.0,1.0,0.816475161999,1.0,-1
1004-HV-C-L-06,0.102451136784,0.347319019016,0.192164426136,0.295796972326,0.575671317187,0.347319019016,0.362972880439,0.295796972326,1.0,1.0,0.845078706356,1.0,-1
1004-HV-C-L-06,0.0940989213229,0.354439166054,0.206172867508,0.308921509272,0.579342144518,0.354439166054,0.384743226932,0.308921509272,1.0,1.0,0.872063730522,1.0,-1
1004-HV-C-L-06,0.0890507537111,0.386232936268,0.234841197335,0.349025038304,0.606443692419,0.386232936268,0.453249305515,0.349025038304,1.0,1.0,0.91671008381,1.0,-1
1004-HV-C-L-06,0.107823144823,0.378616189075,0.214315496096,0.328545303888,0.599228736499,0.378616189075,0.411973201564,0.328545303888,1.0,1.0,0.869498903769,1.0,-1
1004-HV-C-L-06,0.101844223186,0.383377314368,0.227176897093,0.338367715364,0.601337283095,0.383377314368,0.432371903598,0.338367715364,1.0,1.0,0.89609563695,1.0,-1
1004-HV-C-L-06,0.0968301083121,0.386231184028,0.226704774791,0.336489972931,0.597517856383,0.386231184028,0.436967017583,0.336489972931,1.0,1.0,0.912045824287,1.0,-1
1004-HV-C-L-06,0.102648393981,0.395227016363,0.236666782668,0.350592334294,0.602989179386,0.395227016363,0.449434918223,0.350592334294,1.0,1.0,0.900184107398,1.0,-1
1004-HV-C-L-06,0.0987609168258,0.330479723123,0.169772424797,0.268245272279,0.548584311739,0.330479723123,0.317030566667,0.268245272279,1.0,1.0,0.864297106621,1.0,-1
1004-HV-C-L-06,0.0778477262681,0.355463846618,0.203247942524,0.292324806732,0.565185269601,0.355463846618,0.366242085473,0.292324806732,1.0,1.0,0.933498615855,1.0,-1
1004-HV-C-L-06,0.0873157331136,0.346305444211,0.195738795244,0.295398351775,0.566525641969,0.346305444211,0.354372407047,0.295398351775,1.0,1.0,0.883476531122,1.0,-1
1004-HV-C-L-06,0.086715463582,0.337843089441,0.186755400535,0.287835176616,0.558134852908,0.337843089441,0.338997762728,0.287835176616,1.0,1.0,0.859194596167,1.0,-1
1004-HV-C-L-06,0.0753569696867,0.341836368512,0.194499342072,0.292312629015,0.557892365213,0.341836368512,0.354428349451,0.292312629015,1.0,1.0,0.908237298666,1.0,-1
1004-HV-C-L-06,0.079392659496,0.349040516159,0.196491761193,0.290762389226,0.562746104898,0.349040516159,0.356273193946,0.290762389226,1.0,1.0,0.919739879541,1.0,-1
1004-HV-C-L-06,0.0815555863303,0.365070260194,0.21171038394,0.279486735055,0.565862202027,0.365070260194,0.397350167785,0.279486735055,1.0,1.0,1.0,1.0,-1
1004-HV-C-L-06,0.0596121252124,0.37084029175,0.226185364584,0.285723469881,0.560566320605,0.37084029175,0.425859650112,0.285723469881,1.0,1.0,1.0,1.0,-1
1004-HV-C-L-06,0.0529424111595,0.371952711357,0.239071250775,0.304256198073,0.570609801857,0.371952711357,0.443744374812,0.304256198073,1.0,1.0,1.0,1.0,-1
1004-HV-C-L-06,0.066979512801,0.363299793731,0.220565227963,0.283529701493,0.566038878661,0.363299793731,0.407819029619,0.283529701493,1.0,1.0,1.0,1.0,-1
1004-HV-C-L-06,0.0579932634842,0.37834825291,0.233851778967,0.294218399934,0.569816413142,0.37834825291,0.432059345464,0.294218399934,1.0,1.0,1.0,1.0,-1
1004-HV-C-L-06,0.0977646709584,0.297277356384,0.133214437256,0.20051979691,0.522925022124,0.297277356384,0.255350541381,0.20051979691,1.0,1.0,0.872901100043,1.0,-1
1004-HV-C-L-06,0.0925574520959,0.315163194736,0.143050713298,0.196097936881,0.525633850672,0.315163194736,0.275007109376,0.196097936881,1.0,1.0,1.0,1.0,-1
1004-HV-C-L-06,0.0900725055279,0.323069087046,0.149245685498,0.205342535935,0.528877836429,0.323069087046,0.280699485127,0.205342535935,1.0,1.0,0.98887346859,1.0,-1
1004-HV-C-L-06,0.0921289152316,0.303178991229,0.137307233311,0.196492960458,0.524442871353,0.303178991229,0.259346598974,0.196492960458,1.0,1.0,0.927231749827,1.0,-1
1004-HV-C-L-06,0.0957950422408,0.310627130352,0.137900922339,0.191456096174,0.526035840863,0.310627130352,0.261531528814,0.191456096174,1.0,1.0,0.96445216832,1.0,-1
1004-HV-C-L-06,0.104078483674,0.268326986699,0.140871574509,0.254737016355,0.528967309976,0.268326986699,0.276855425271,0.254737016355,1.0,1.0,0.692424656353,1.0,-1
1004-HV-C-L-06,0.101720008634,0.259820937476,0.137549570148,0.249892382598,0.523242460687,0.259820937476,0.267167623303,0.249892382598,1.0,1.0,0.672794829346,1.0,-1
1004-HV-C-L-06,0.100445544071,0.266994278177,0.141995102611,0.25340858868,0.524140603039,0.266994278177,0.273953768568,0.25340858868,1.0,1.0,0.690750117565,1.0,-1
1004-HV-C-L-06,0.0958024205436,0.265025680983,0.142774938268,0.249586404529,0.52278670453,0.265025680983,0.276957718409,0.249586404529,1.0,1.0,0.6970850695,1.0,-1
1004-HV-C-L-06,0.100141437245,0.269162600915,0.144298851589,0.252818484363,0.53097189522,0.269162600915,0.276785646983,0.252818484363,1.0,1.0,0.69005086438,1.0,-1
1004-HV-C-L-06,0.104973550603,0.365102996842,0.181032935007,0.268430358506,0.568513211394,0.365102996842,0.355757995851,0.268430358506,1.0,1.0,0.978124649977,1.0,-1
1004-HV-C-L-06,0.10355904837,0.358427555496,0.180668035217,0.265835320736,0.563408539398,0.358427555496,0.342827604602,0.265835320736,1.0,1.0,0.94528362249,1.0,-1
1004-HV-C-L-06,0.0510876500677,0.444906531598,0.254401575428,0.285647065583,0.590139292667,0.444906531598,0.455347190794,0.285647065583,1.0,1.0,1.0,1.0,-1
1004-HV-C-L-06,0.0539591030954,0.438075059285,0.245844681327,0.276761517084,0.586332341995,0.438075059285,0.437741844669,0.276761517084,1.0,1.0,1.0,1.0,-1
1004-HV-C-L-06,0.0589610451671,0.430995926754,0.237080798555,0.273053621261,0.580725585048,0.430995926754,0.426518724709,0.273053621261,1.0,1.0,1.0,1.0,-1
1004-HV-C-L-06,0.10101277403,0.280730109453,0.138725020654,0.246362318902,0.537622619055,0.280730109453,0.268925113226,0.246362318902,1.0,1.0,0.715622892371,1.0,-1
1004-HV-C-L-06,0.0958674691901,0.28962365678,0.145028888972,0.252560537539,0.53987920584,0.28962365678,0.286498364878,0.252560537539,1.0,1.0,0.738537005652,1.0,-1
1004-HV-C-L-06,0.102851544017,0.277136471506,0.131001666941,0.237171017466,0.533006786638,0.277136471506,0.254199794121,0.237171017466,1.0,1.0,0.688585927491,1.0,-1
1004-HV-C-L-06,0.100406656169,0.359016447606,0.212740020545,0.334236870731,0.589973581665,0.359016447606,0.405482347003,0.334236870731,1.0,1.0,0.876196923519,1.0,-1
1004-HV-C-L-06,0.100524782273,0.325044260948,0.183048686907,0.294464852017,0.56962855481,0.325044260948,0.345443144027,0.294464852017,1.0,1.0,0.822911425179,1.0,-1
1004-HV-C-L-06,0.105199336936,0.316291254716,0.168787924807,0.26879135652,0.547536528409,0.316291254716,0.324979561367,0.26879135652,1.0,1.0,0.843350375777,1.0,-1
1004-HV-C-L-06,0.0991497774217,0.31012237083,0.166143627981,0.266406055045,0.54368817887,0.31012237083,0.321313580252,0.266406055045,1.0,1.0,0.836078026648,1.0,-1
1004-HV-C-L-06,0.103762015777,0.30517606884,0.16402887865,0.266991148942,0.543467179851,0.30517606884,0.316217935589,0.266991148942,1.0,1.0,0.816128312985,1.0,-1
1004-HV-C-L-06,0.101788661779,0.298087694117,0.160755367908,0.265468336471,0.541445702518,0.298087694117,0.308006415526,0.265468336471,1.0,1.0,0.79186805402,1.0,-1
1004-HV-C-L-06,0.106513142173,0.292049093591,0.156308519371,0.266382421184,0.540722826334,0.292049093591,0.301930778063,0.266382421184,1.0,1.0,0.767452067256,1.0,-1
1004-HV-C-L-06,0.0741404893648,0.326475144386,0.166462920543,0.230726739456,0.534913402521,0.326475144386,0.338548659138,0.230726739456,1.0,1.0,1.0,1.0,-1
1004-HV-C-L-06,0.0751701763645,0.32244263222,0.161195167391,0.222398607429,0.531840716458,0.32244263222,0.326925580177,0.222398607429,1.0,1.0,1.0,1.0,-1
1004-HV-C-L-06,0.0739142173813,0.322274202527,0.158585237407,0.218796121077,0.529154579414,0.322274202527,0.32387876205,0.218796121077,1.0,1.0,1.0,1.0,-1
1004-HV-C-L-06,0.0641311565105,0.343643622327,0.176853140974,0.239237352744,0.536776544827,0.343643622327,0.370761568145,0.239237352744,1.0,1.0,1.0,1.0,-1
1004-HV-C-L-06,0.0607836428729,0.338121829051,0.173906809895,0.230385545166,0.532846681397,0.338121829051,0.362259640269,0.230385545166,1.0,1.0,1.0,1.0,-1
1004-HV-C-L-06,0.0648841361353,0.337458023622,0.173799849008,0.233217866396,0.536222517871,0.337458023622,0.358389144507,0.233217866396,1.0,1.0,1.0,1.0,-1
1004-HV-C-L-06,0.0822085170626,0.270039430022,0.151095084981,0.256746226917,0.52856423779,0.270039430022,0.296443019593,0.256746226917,1.0,1.0,0.734444916933,1.0,-1
1004-HV-C-L-06,0.101926120618,0.299342237518,0.156285105605,0.263633959622,0.541958135201,0.299342237518,0.305427938188,0.263633959622,1.0,1.0,0.770492749848,1.0,-1
1004-HV-C-L-06,0.100703745231,0.286340905291,0.147783466347,0.255871640123,0.537511476334,0.286340905291,0.286540218424,0.255871640123,1.0,1.0,0.742349935492,1.0,-1
1004-HV-C-L-06,0.0367966075738,0.322752683785,0.146713707093,0.16358205281,0.461406544058,0.322752683785,0.339309150427,0.16358205281,0.905221380149,1.0,1.0,1.0,-1
1004-HV-C-L-06,0.0593706693796,0.35009674738,0.174251847322,0.207727472747,0.528098114088,0.35009674738,0.351221146467,0.207727472747,1.0,1.0,1.0,1.0,-1
1004-HV-C-L-06,0.097141648339,0.208231666258,0.0466638861243,0.116257240521,0.47179934915,0.209467023142,0.115679485802,0.116257240521,1.0,1.0,0.583986513788,1.0,-1
1004-HV-C-L-06,0.0953229718066,0.214325859017,0.0497212966145,0.114301306345,0.471500732613,0.215499874348,0.1229199124,0.114301306345,1.0,1.0,0.636219580981,1.0,-1
1004-HV-C-L-06,0.0964050037039,0.211462310565,0.0486312587771,0.116056269329,0.471391250857,0.21270081479,0.119886531464,0.116056269329,1.0,1.0,0.611423134828,1.0,-1
1004-HV-C-L-06,0.0609712898053,0.365567075545,0.192989235872,0.231355105963,0.540204441185,0.365567075545,0.377652138019,0.231355105963,1.0,1.0,1.0,1.0,-1
1004-HV-C-L-06,0.10169703763,0.3347210697,0.162458340647,0.251262684277,0.546615113149,0.3347210697,0.33569143159,0.251262684277,1.0,1.0,0.967208617893,1.0,-1
1004-HV-C-L-06,0.102282285467,0.31967831421,0.159049185237,0.253464631858,0.545449498409,0.31967831421,0.321128172309,0.253464631858,1.0,1.0,0.897328233919,1.0,-1
1004-HV-C-L-06,0.0784000226556,0.399731077777,0.213007101286,0.268467631724,0.567776210999,0.399731077777,0.416626695102,0.268467631724,1.0,1.0,1.0,1.0,-1
1004-HV-C-L-06,0.0967198020181,0.372680937808,0.18964086849,0.266846542607,0.561598920515,0.372680937808,0.383001807237,0.266846542607,1.0,1.0,1.0,1.0,-1
1004-HV-C-L-06,0.0946460368802,0.37050296527,0.185092343866,0.254681057974,0.555456772552,0.37050296527,0.375250879668,0.254681057974,1.0,1.0,1.0,1.0,-1
1004-HV-C-L-06,0.0465679750913,0.470479177071,0.296353274197,0.334951585872,0.620468285078,0.470479177071,0.520629118883,0.334951585872,1.0,1.0,1.0,1.0,-1
1004-HV-C-L-06,0.036100064904,0.481082202709,0.312683945411,0.353858344189,0.623241711981,0.481082202709,0.540767668578,0.353858344189,1.0,1.0,1.0,1.0,-1
1004-HV-C-L-06,0.0330968025665,0.487918698058,0.316690640022,0.359243686969,0.633097654404,0.487918698058,0.551796261179,0.359243686969,1.0,1.0,1.0,1.0,-1
1004-HV-C-L-06,0.0558627313396,0.463293694582,0.283340859899,0.331954756909,0.617133832205,0.463293694582,0.500584008364,0.331954756909,1.0,1.0,1.0,1.0,-1
1004-HV-C-L-06,0.0462282134283,0.459348917507,0.284517899119,0.325963314493,0.607012893195,0.459348917507,0.50559690409,0.325963314493,1.0,1.0,1.0,1.0,-1
1004-HV-C-L-06,0.0817232773019,0.338733701982,0.175973068556,0.250026031331,0.545780846157,0.338733701982,0.339828073688,0.250026031331,1.0,1.0,0.980526094998,1.0,-1
1004-HV-C-L-06,0.0768354880628,0.361667894705,0.191060131014,0.260485348849,0.555946208269,0.361667894705,0.364912164184,0.260485348849,1.0,1.0,1.0,1.0,-1
1004-HV-C-L-06,0.0945492115831,0.350439128029,0.176567090687,0.257332050154,0.550955332724,0.350439128029,0.342535917059,0.257332050154,1.0,1.0,0.973786147512,1.0,-1
1004-HV-C-L-06,0.0882146226084,0.35353667321,0.177595106359,0.254471218696,0.547486781988,0.35353667321,0.346607044469,0.254471218696,1.0,1.0,1.0,1.0,-1
1004-HV-C-L-06,0.0855508595731,0.351345987903,0.176974216558,0.255405702658,0.543774498738,0.351345987903,0.351162071969,0.255405702658,1.0,1.0,1.0,1.0,-1
1004-HV-C-L-06,0.112107313388,0.326070598788,0.183818689167,0.312039190315,0.575896185383,0.326070598788,0.349491379644,0.312039190315,1.0,1.0,0.761427738664,1.0,-1
1004-HV-C-L-06,0.10635438778,0.308798547011,0.178461380086,0.309009648484,0.569170288818,0.308798547011,0.342628140874,0.309009648484,1.0,1.0,0.749445397214,1.0,-1
1004-HV-C-L-06,0.10024998241,0.323287088494,0.185844487873,0.314669814761,0.569745701626,0.323287088494,0.360639952154,0.314669814761,1.0,1.0,0.791678756355,1.0,-1
1004-HV-C-L-06,0.103558193072,0.316252627024,0.182141841188,0.31069934754,0.574835264678,0.316252627024,0.353302549936,0.31069934754,1.0,1.0,0.785272058635,1.0,-1
1004-HV-C-L-06,0.0976743815828,0.318889957258,0.180365660958,0.307461586009,0.567894402981,0.318889957258,0.355984000063,0.307461586009,1.0,1.0,0.803652638016,1.0,-1
1004-HV-C-L-06,0.0864303957044,0.328944686667,0.171719631523,0.244719755317,0.540049938882,0.328944686667,0.339256239127,0.244719755317,1.0,1.0,1.0,1.0,-1
1004-HV-C-L-06,0.0902249227031,0.336359643023,0.175898925891,0.253330068482,0.542305800396,0.336359643023,0.351341091812,0.253330068482,1.0,1.0,1.0,1.0,-1
1004-HV-C-L-06,0.0924391833136,0.341197884396,0.180160289433,0.257616732195,0.548680450753,0.341197884396,0.352916253796,0.257616732195,1.0,1.0,1.0,1.0,-1
1004-HV-C-L-06,0.0892731206569,0.334032364671,0.178286220502,0.259263585357,0.54614591093,0.334032364671,0.356136476858,0.259263585357,1.0,1.0,1.0,1.0,-1
1004-HV-C-L-06,0.0920792935749,0.339192009477,0.182711425173,0.266440690385,0.549579847165,0.339192009477,0.364701879007,0.266440690385,1.0,1.0,1.0,1.0,-1
1004-HV-C-L-06,0.0967280752964,0.237487971119,0.121878295059,0.249381926167,0.517765647067,0.237487971119,0.241924468085,0.249381926167,1.0,0.920896346935,0.593644666605,1.0,-1
1004-HV-C-L-06,0.0938083935862,0.233101396768,0.121004663077,0.247000240943,0.515589078571,0.233101396768,0.233996050095,0.247000240943,1.0,0.927625774196,0.577050895388,1.0,-1
1004-HV-C-L-06,0.0945676874864,0.230947769992,0.122333058859,0.262178924687,0.51748070299,0.230947769992,0.254054479288,0.262178924687,1.0,0.811641969965,0.584240327566,1.0,-1
1004-HV-C-L-06,0.0990000240112,0.233222321809,0.120862429393,0.262558167753,0.519287120911,0.233222321809,0.250081769784,0.262558167753,1.0,0.820418694493,0.584365088008,1.0,-1
1004-HV-C-L-06,0.0997857715813,0.229147719502,0.119150775088,0.261036491897,0.518645443623,0.229147719502,0.246394326776,0.261036491897,1.0,0.809685185812,0.573191016111,1.0,-1
1004-HV-C-L-06,0.0871502812174,0.335936677398,0.189167574301,0.274576308852,0.553819831985,0.335936677398,0.360108269152,0.274576308852,1.0,1.0,0.922330272717,1.0,-1
1004-HV-C-L-06,0.0903982348631,0.320390339866,0.177373449021,0.26934092962,0.550667315515,0.320390339866,0.337104624935,0.26934092962,1.0,1.0,0.870119008435,1.0,-1
1004-HV-C-L-06,0.087700954881,0.320082195717,0.178270580783,0.266896172794,0.547791697421,0.320082195717,0.339098963214,0.266896172794,1.0,1.0,0.881237443539,1.0,-1
1004-HV-C-L-06,0.0908233141246,0.324702491514,0.180184649997,0.271397808651,0.553150989378,0.324702491514,0.342391892292,0.271397808651,1.0,1.0,0.893502129083,1.0,-1
1004-HV-C-L-06,0.0995238917163,0.320928017205,0.177060448258,0.274218530816,0.551481508544,0.320928017205,0.33786738356,0.274218530816,1.0,1.0,0.855823871485,1.0,-1
1004-HV-C-L-06,0.110581543972,0.268476559182,0.123011587706,0.225840741516,0.526303731755,0.268476559182,0.2383066125,0.225840741516,1.0,1.0,0.674076812521,1.0,-1
1004-HV-C-L-06,0.114284649399,0.28660244996,0.136225700323,0.257296477689,0.539061331978,0.28660244996,0.26629667756,0.257296477689,1.0,1.0,0.68089621667,1.0,-1
1004-HV-C-L-06,0.112306375374,0.278413357174,0.132339925281,0.249892992054,0.534157225061,0.278413357174,0.257505761565,0.249892992054,1.0,1.0,0.663558492704,1.0,-1
1004-HV-C-L-06,0.110210385321,0.283717568114,0.137959982515,0.248617200696,0.532436082283,0.283717568114,0.265715386409,0.248617200696,1.0,1.0,0.693404086527,1.0,-1
1004-HV-C-L-06,0.11239217138,0.276619265932,0.130864143142,0.240302897072,0.531073198881,0.276619265932,0.25202919304,0.240302897072,1.0,1.0,0.670324192386,1.0,-1
1004-HV-C-L-06,0.0584226842323,0.381661046245,0.256970595291,0.354612622495,0.59379903891,0.381661046245,0.491878621654,0.354612622495,1.0,1.0,0.986467711644,1.0,-1
1004-HV-C-L-06,0.0712249440787,0.41383793134,0.246038573092,0.33084797482,0.59842007591,0.41383793134,0.442113424281,0.33084797482,1.0,1.0,0.996827339642,1.0,-1
1004-HV-C-L-06,0.0826816406658,0.407885823494,0.236352667132,0.319347454813,0.597011716635,0.407885823494,0.428381237784,0.319347454813,1.0,1.0,0.989763202043,1.0,-1
1004-HV-C-L-06,0.0859650908685,0.409388574615,0.233555052754,0.319859020778,0.596303124947,0.409388574615,0.426099073164,0.319859020778,1.0,1.0,1.0,1.0,-1
1004-HV-C-L-06,0.0755407814496,0.410199290212,0.240367776583,0.321351503157,0.59526852077,0.410199290212,0.43543539499,0.321351503157,1.0,1.0,1.0,1.0,-1
1004-HV-C-L-06,0.064818995397,0.352048375538,0.202156269068,0.290910932674,0.559954868428,0.352048375538,0.385283180473,0.290910932674,1.0,1.0,0.973106847515,1.0,-1
1004-HV-C-L-06,0.0638614370869,0.335799845456,0.188601087393,0.285348378044,0.549083490009,0.335799845456,0.371276292191,0.285348378044,1.0,1.0,0.928003705518,1.0,-1
1004-HV-C-L-06,0.0739185890199,0.330192684018,0.177042815568,0.276437585272,0.547803947101,0.330192684018,0.349793318615,0.276437585272,1.0,1.0,0.895400397001,1.0,-1
1004-HV-C-L-06,0.0804080222289,0.328240443081,0.179121199252,0.29103421609,0.552409685032,0.328240443081,0.358106582944,0.29103421609,1.0,1.0,0.873643868877,1.0,-1
1004-HV-C-L-06,0.0807747619673,0.326727758708,0.1776420791,0.285582646011,0.551465227949,0.326727758708,0.346471594475,0.285582646011,1.0,1.0,0.854182139681,1.0,-1
1004-HV-C-L-06,0.0971155748733,0.396682691396,0.213252589536,0.291288022786,0.57481679768,0.396682691396,0.404361243493,0.291288022786,1.0,1.0,1.0,1.0,-1
1004-HV-C-L-06,0.0928057084617,0.39940289911,0.220256755837,0.304666808366,0.581040215524,0.39940289911,0.417393169318,0.304666808366,1.0,1.0,0.985901709043,1.0,-1
1004-HV-C-L-06,0.0876843515492,0.403324634557,0.225959014165,0.303396174005,0.583858295356,0.403324634557,0.425815976497,0.303396174005,1.0,1.0,1.0,1.0,-1
1004-HV-C-L-06,0.0944716725289,0.40396325211,0.224343893916,0.303943106427,0.584514228276,0.40396325211,0.419710421432,0.303943106427,1.0,1.0,1.0,1.0,-1
1004-HV-C-L-06,0.0908689695925,0.405635448415,0.221971741835,0.299077429892,0.58280039377,0.405635448415,0.424311738829,0.299077429892,1.0,1.0,1.0,1.0,-1
1004-HV-C-L-06,0.0921133884685,0.336298126103,0.19871116023,0.313832690529,0.564509468969,0.336298126103,0.392222326647,0.313832690529,1.0,1.0,0.909360509121,1.0,-1
1004-HV-C-L-06,0.0957226804352,0.320836301152,0.186409486071,0.300862286984,0.558438297235,0.320836301152,0.365278644571,0.300862286984,1.0,1.0,0.863223711054,1.0,-1
1004-HV-C-L-06,0.0948960330514,0.322074118207,0.189046727326,0.304320102737,0.560198256002,0.322074118207,0.368271534971,0.304320102737,1.0,1.0,0.850589223251,1.0,-1
1004-HV-C-L-06,0.0915719288274,0.31932898602,0.185923813625,0.295930822816,0.556645681794,0.31932898602,0.363788663347,0.295930822816,1.0,1.0,0.865378054115,1.0,-1
1004-HV-C-L-06,0.103596675895,0.315061128882,0.178727940705,0.297135347766,0.55912501744,0.315061128882,0.35080644593,0.297135347766,1.0,1.0,0.8241734285,1.0,-1
1004-HV-C-L-06,0.093810254211,0.293596725672,0.11519151395,0.164210159218,0.506681658001,0.293596725672,0.224588547881,0.164210159218,1.0,1.0,1.0,1.0,-1
1004-HV-C-L-06,0.0948355660675,0.294035356797,0.112261474101,0.159384627243,0.504005573483,0.294035356797,0.221764580601,0.159384627243,1.0,1.0,1.0,1.0,-1
1004-HV-C-L-06,0.0922447024312,0.291092410249,0.110988398835,0.157792946913,0.504145006221,0.291092410249,0.223159779346,0.157792946913,1.0,1.0,1.0,1.0,-1
1004-HV-C-L-06,0.0905366505944,0.295319773057,0.114080795474,0.163483132612,0.504062981829,0.295319773057,0.231199888342,0.163483132612,1.0,1.0,1.0,1.0,-1
1004-HV-C-L-06,0.0950336271327,0.290346549844,0.108826395123,0.158483350263,0.504070285425,0.290346549844,0.219098189612,0.158483350263,1.0,1.0,1.0,1.0,-1
1004-HV-C-L-06,0.0829726351966,0.289540750124,0.113161332634,0.162924212825,0.501624561902,0.289540750124,0.249057253348,0.162924212825,1.0,1.0,1.0,1.0,-1
1004-HV-C-L-06,0.0767832252731,0.290474673718,0.123021680965,0.176022102329,0.503229806425,0.290474673718,0.270482195817,0.176022102329,1.0,1.0,1.0,1.0,-1
1004-HV-C-L-06,0.0767827802781,0.295918291313,0.123319682964,0.172527664402,0.503228853335,0.295918291313,0.273394039187,0.172527664402,1.0,1.0,1.0,1.0,-1
1004-HV-C-L-06,0.0802470784785,0.285185434988,0.114379918003,0.166600297865,0.499274958904,0.285185434988,0.25249970156,0.166600297865,1.0,1.0,1.0,1.0,-1
1004-HV-C-L-06,0.0778228185002,0.289479566601,0.118031376474,0.168844779538,0.501390003134,0.289479566601,0.263044304424,0.168844779538,1.0,1.0,1.0,1.0,-1
1004-HV-C-L-06,0.102308879345,0.30331044924,0.145249740666,0.245498859625,0.53546157895,0.30331044924,0.294554304697,0.245498859625,1.0,1.0,0.821324872292,1.0,-1
1004-HV-C-L-06,0.108052220177,0.286094464169,0.127715696885,0.229245864524,0.529303177291,0.286094464169,0.257988173429,0.229245864524,1.0,1.0,0.754218404097,1.0,-1
1004-HV-C-L-06,0.108321917508,0.285007185306,0.128107929014,0.237298532705,0.530699904806,0.285007185306,0.261448212361,0.237298532705,1.0,1.0,0.733482712181,1.0,-1
1004-HV-C-L-06,0.101664368893,0.278763824619,0.131058924497,0.23464292596,0.528113175294,0.278763824619,0.259103696071,0.23464292596,1.0,1.0,0.713711668671,1.0,-1
1004-HV-C-L-06,0.107659795342,0.265101039685,0.112495448847,0.217446870547,0.520755989062,0.265101039685,0.232072178061,0.217446870547,1.0,1.0,0.689776726512,1.0,-1
1004-HV-C-L-06,0.110382322957,0.263060501492,0.109402488279,0.212629175373,0.516447446656,0.263137394684,0.220258457033,0.212629175373,1.0,1.0,0.665834404831,1.0,-1
1004-HV-C-L-06,0.105125839495,0.369911289427,0.205723621398,0.30790292085,0.587296213533,0.369911289427,0.402793072482,0.30790292085,1.0,1.0,0.950089941653,1.0,-1
1004-HV-C-L-06,0.093212243583,0.369809952899,0.21351756448,0.311399039547,0.589353242817,0.369809952899,0.41653942413,0.311399039547,1.0,1.0,0.963007800639,1.0,-1
1004-HV-C-L-06,0.0872696048012,0.384922470156,0.22864560188,0.324889611859,0.598180762535,0.384922470156,0.442652266281,0.324889611859,1.0,1.0,0.994781981585,1.0,-1
1004-HV-C-L-06,0.0870024896554,0.380038623995,0.224936133359,0.32343982127,0.5983274055,0.380038623995,0.432332081687,0.32343982127,1.0,1.0,0.988433693695,1.0,-1
1004-HV-C-L-06,0.113513865429,0.364391694971,0.203456110868,0.322444434351,0.597310900895,0.364391694971,0.394943233819,0.322444434351,1.0,1.0,0.889326186018,1.0,-1
1004-HV-C-L-06,0.0610415639633,0.414249268177,0.260947045853,0.360904704166,0.612972026009,0.414249268177,0.509008927998,0.360904704166,1.0,1.0,1.0,1.0,-1
1004-HV-C-L-06,0.0597737054612,0.394203605474,0.259836803863,0.365419488522,0.610199910295,0.394203605474,0.503256311947,0.365419488522,1.0,1.0,1.0,1.0,-1
1004-HV-C-L-06,0.0650414595133,0.406164857765,0.255619319297,0.365441241209,0.610956562327,0.406164857765,0.506930169359,0.365441241209,1.0,1.0,1.0,1.0,-1
