1004-HV-C-L-06,0.931027933897,0.95927002092,1.0,0.888497328322,0.880880513883,0.93750847218,0.923942141247,0.935438189902,0.800243144705,0.916884378781,0.929033039342,0.907400028848,-1
1004-HV-C-L-06,0.894760116879,0.961806440882,1.0,0.954199997534,0.854338230126,0.963996134618,0.982135300822,0.966909732659,0.770988394931,0.923375915504,0.981187854091,0.929756875269,-1
1004-HV-C-L-06,0.899772098393,0.962979273284,1.0,0.907240146535,0.834764622457,0.944926331879,0.937484927516,0.943734050151,0.823769322618,0.888710980829,0.91144294685,0.875947966339,-1
1004-HV-C-L-06,0.899638863534,0.962720371637,1.0,0.925337992673,0.860363778274,0.940008007044,0.936851960436,0.946337964365,0.825747579254,0.897288129529,0.925279359953,0.905108863093,-1
1004-HV-C-L-06,0.919431927729,0.961731859779,1.0,0.933786878457,0.869402531035,0.94596419952,0.944995624404,0.959151861027,0.864385758047,0.889091067412,0.923711043517,0.919088929087,-1
1004-HV-C-L-06,0.955832696151,0.946491219325,1.0,0.91527181577,0.902450198243,0.938104456006,0.931452315286,0.953524233311,0.861365596848,0.908596628513,0.928218692112,0.934070637815,-1
1004-HV-C-L-06,0.883851496658,0.952588458302,1.0,0.911072908114,0.841754291732,0.924636050464,0.922219298965,0.934729676133,0.802462987787,0.87391940752,0.90900167095,0.895332330761,-1
1004-HV-C-L-06,0.875700120996,0.960026909459,1.0,0.923345335689,0.868167917468,0.917601327681,0.915070085859,0.927724986848,0.792295605105,0.892886857084,0.921190876944,0.911079181772,-1
1004-HV-C-L-06,0.892108077976,0.953655083768,1.0,0.916214255736,0.849304236633,0.928956670958,0.927266577404,0.940012879029,0.816294368322,0.877714765821,0.91241355974,0.899943674157,-1
1004-HV-C-L-06,0.90858299957,0.962642655558,1.0,0.923722386609,0.868631269768,0.937946495238,0.933636631745,0.946919859819,0.848412050995,0.889445172708,0.9161653548,0.91048115158,-1
1004-HV-C-L-06,0.922144261109,0.960103807112,1.0,0.921769461712,0.86486332853,0.944884271981,0.940393056286,0.954929359322,0.870836309593,0.884839517225,0.910519736603,0.912493454933,-1
1004-HV-C-L-06,0.918083790468,0.967720672306,1.0,0.934742748036,0.884856131018,0.943729790269,0.939376485579,0.953574369416,0.864514249293,0.900168507979,0.923087735177,0.922642787854,-1
1004-HV-C-L-06,0.906463858438,0.95160216376,1.0,0.934537057161,0.849558975312,0.943695143861,0.948033064639,0.959298661378,0.823681213146,0.875845569629,0.929382154832,0.920614474961,-1
1004-HV-C-L-06,0.923991452199,0.951986371158,1.0,0.934817867964,0.855577931474,0.949174088036,0.949519663024,0.965694999045,0.861533239146,0.869472442896,0.916699549687,0.926264282863,-1
1004-HV-C-L-06,0.91830956449,0.953408310179,1.0,0.933216722551,0.851444463257,0.949073711299,0.949562333817,0.963275989982,0.849238586286,0.870425568273,0.920002392373,0.91984270362,-1
1004-HV-C-L-06,0.89283327727,0.951112534528,1.0,0.922726969687,0.834158133995,0.939222542241,0.943110644565,0.95006630344,0.801746364805,0.874315103774,0.926212971329,0.90506604145,-1
1004-HV-C-L-06,0.891241911041,0.950212779967,1.0,0.914971394996,0.822471858224,0.941159226465,0.944163907676,0.947909393437,0.795878783863,0.872753133387,0.923656014639,0.89329066917,-1
1004-HV-C-L-06,0.898972911473,0.94806948761,1.0,0.916556558417,0.820261640654,0.942796406056,0.945275663873,0.953098225719,0.811852533573,0.862392965982,0.918613044118,0.897945069351,-1
1004-HV-C-L-06,0.902122369357,0.952219942903,1.0,0.909364664567,0.825450707717,0.942965786125,0.939211345823,0.949176695198,0.823984188696,0.865534595598,0.904390007521,0.88487296433,-1
1004-HV-C-L-06,0.893406995008,0.953649725757,1.0,0.938024917015,0.845817419004,0.944187258175,0.956724284215,0.957153977529,0.794461490152,0.887581587889,0.951076680768,0.925616832224,-1
1004-HV-C-L-06,0.910072642137,0.956661168273,1.0,0.934856265997,0.859360069929,0.94131597338,0.944289733263,0.958346083667,0.842034080706,0.87788998233,0.92556071056,0.924445050505,-1
1004-HV-C-L-06,0.933790855264,0.946930773612,1.0,0.931141142547,0.847047947692,0.951762755369,0.953839572428,0.970192710783,0.878481823271,0.881401604457,0.928539832595,0.940716728988,-1
1004-HV-C-L-06,0.949434662752,0.944617875764,1.0,0.930287328831,0.880056632835,0.948651410853,0.948224679841,0.967811177002,0.878762804487,0.876054871845,0.919667529413,0.939338045617,-1
1004-HV-C-L-06,0.945878297479,0.947616371271,1.0,0.929165285385,0.880636132953,0.949080477289,0.949011569067,0.967882279224,0.874079130569,0.878765129106,0.922239810526,0.939078066026,-1
1004-HV-C-L-06,0.937855590749,0.94569251183,1.0,0.921880720028,0.86110298521,0.946740758952,0.946601422838,0.965048374061,0.860841401912,0.869267912598,0.917818832263,0.927353721145,-1
1004-HV-C-L-06,0.936091898512,0.957391202501,1.0,0.948568647142,0.876003801541,0.954445909275,0.95665081024,0.973492089604,0.884438415023,0.882497652743,0.92915904141,0.946730585879,-1
1004-HV-C-L-06,0.910634744765,0.932295853658,1.0,0.917696109829,0.774809770773,0.957847698898,0.964374300904,0.967338244749,0.817039798518,0.869638071475,0.935805846807,0.906023965259,-1
1004-HV-C-L-06,0.912524648905,0.941169026336,1.0,0.919783435061,0.777987473981,0.965269971722,0.970453095253,0.968393800532,0.814877362683,0.88440836974,0.943680349214,0.896365902397,-1
1004-HV-C-L-06,0.910705966138,0.942877720287,1.0,0.923515308873,0.797024928127,0.959553973204,0.964991655725,0.966352387333,0.815614708462,0.875592938141,0.937620946747,0.900288737606,-1
1004-HV-C-L-06,0.907122234887,0.946203671176,1.0,0.927955404869,0.803781854974,0.960473737383,0.967637861483,0.965898459679,0.806543967994,0.876947302233,0.9425340019,0.89598197766,-1
1004-HV-C-L-06,0.908101991782,0.947752117654,1.0,0.939123605524,0.827311798289,0.957482474268,0.965315032215,0.967603928095,0.80981937669,0.879162484806,0.943224593904,0.913214187538,-1
1004-HV-C-L-06,0.906512034055,0.953714061374,1.0,0.945604170261,0.846562668953,0.95628656237,0.964563355536,0.966857117212,0.808373512544,0.891940440866,0.949860875397,0.92344162676,-1
1004-HV-C-L-06,0.910840759059,0.938211011407,1.0,0.901342803296,0.79842589664,0.94932128634,0.951339073935,0.956362446242,0.808609387604,0.862547485995,0.920017976644,0.888286076981,-1
1004-HV-C-L-06,0.910919580076,0.944349626044,1.0,0.917178655372,0.810825448428,0.951719099657,0.953898996034,0.961000250314,0.828473001521,0.869289691568,0.923633809231,0.903003654994,-1
1004-HV-C-L-06,0.90160631231,0.958989027227,1.0,0.933814731537,0.858284187258,0.944822981983,0.946684101342,0.954047381807,0.814841767032,0.891881092639,0.933970675809,0.916841301887,-1
1004-HV-C-L-06,0.928059954438,0.95594923416,1.0,0.919712133828,0.855714844756,0.951641511139,0.947347276657,0.959968766428,0.853650483639,0.881543012388,0.91611723408,0.907909478878,-1
1004-HV-C-L-06,0.928666129581,0.96412222529,1.0,0.931681247323,0.865550506324,0.956132241585,0.951926527501,0.963752626228,0.870187368973,0.893871196626,0.922950276022,0.916274037395,-1
1004-HV-C-L-06,0.931789903245,0.970976229748,1.0,0.945070210987,0.893244286822,0.956372125044,0.951740523873,0.964903365715,0.878044867934,0.908072467542,0.931818457873,0.930935685307,-1
1004-HV-C-L-06,0.943983372185,0.96473649913,1.0,0.935669038267,0.888925143377,0.958362719855,0.954661568197,0.967556982292,0.882823073796,0.903423923897,0.930266561399,0.930031011274,-1
1004-HV-C-L-06,0.945264792725,0.969003178666,1.0,0.943304150119,0.887759861422,0.963156232834,0.960933951931,0.972351610269,0.898196490722,0.911743082423,0.937612455219,0.937653245861,-1
1004-HV-C-L-06,0.903188175122,0.960652261593,1.0,0.932861077421,0.845400877294,0.955080021706,0.958760265667,0.957956801426,0.809457995689,0.901300616966,0.945927457381,0.909176996695,-1
1004-HV-C-L-06,0.88771407103,0.961247485025,1.0,0.950753407412,0.869469680671,0.948768642471,0.963661999957,0.9576366669,0.773389136936,0.916915509512,0.967170680103,0.935060807992,-1
1004-HV-C-L-06,0.902457620593,0.956741069481,1.0,0.931485824801,0.837204718561,0.954290374675,0.960032601261,0.958948222498,0.806635909869,0.893811758543,0.945243010282,0.908050729424,-1
1004-HV-C-L-06,0.899912454532,0.96199063013,1.0,0.934635862491,0.846465783045,0.956846031253,0.963462474111,0.957389719277,0.798911134737,0.909500968433,0.955427402771,0.910565234166,-1
1004-HV-C-L-06,0.894478904962,0.966485782939,1.0,0.944941844393,0.868872855899,0.953442429698,0.961228753404,0.955693408025,0.791143267036,0.920367239525,0.961953642255,0.925936020905,-1
1004-HV-C-L-06,0.899566461377,0.964355387378,1.0,0.935207634445,0.852959671465,0.956309905103,0.960653362297,0.95574461365,0.79980682888,0.912935660732,0.953293735797,0.910638131255,-1
1004-HV-C-L-06,0.901177644012,0.964983140547,1.0,0.939336775236,0.865292745615,0.952585177726,0.955823598786,0.955496956565,0.807478012207,0.912793739361,0.949313233577,0.917500859714,-1
1004-HV-C-L-06,0.917197588129,0.932043333134,1.0,0.857939117384,0.841156183724,0.924916351741,0.912948578447,0.925946228258,0.732045433062,0.884430802634,0.912454221036,0.888487982966,-1
1004-HV-C-L-06,0.900253693527,0.955626152687,1.0,0.945030729724,0.830508217851,0.964307875826,0.97936235613,0.96765045709,0.782670536969,0.907319812076,0.972587936786,0.918357049772,-1
1004-HV-C-L-06,0.919948320159,0.948371011994,1.0,0.878806768895,0.859213981447,0.930526522796,0.919897471047,0.931088883435,0.781214231467,0.897151953103,0.918032185344,0.897641947008,-1
1004-HV-C-L-06,0.924590614316,0.937541239209,1.0,0.860147817559,0.867163964406,0.921987781559,0.906911945683,0.924590614316,0.759920085338,0.88994279543,0.911682052661,0.898228131575,-1
1004-HV-C-L-06,0.926219983363,0.937933593382,1.0,0.855215616814,0.872035520121,0.925956711207,0.910784683644,0.926219983363,0.767614544914,0.889808093543,0.909071001362,0.892543536509,-1
1004-HV-C-L-06,0.920094259101,0.927965969398,1.0,0.853501661397,0.853340574657,0.913133899712,0.90086178042,0.920182025402,0.734488825311,0.885681755059,0.911364344617,0.89773006075,-1
1004-HV-C-L-06,0.923412982906,0.928016238126,1.0,0.85250735275,0.861620863671,0.91706427414,0.904660004837,0.923412982906,0.747768984766,0.884112409672,0.909224304045,0.89541031972,-1
1004-HV-C-L-06,0.921711101085,0.930253636174,1.0,0.866321600194,0.851636452389,0.92171684512,0.912197328795,0.92946020166,0.752852756023,0.883279822042,0.913229613946,0.899481667356,-1
1004-HV-C-L-06,0.906953987165,0.946800300576,1.0,0.942637362132,0.822370466724,0.958888628796,0.971038114941,0.969952267278,0.806460208012,0.878325274929,0.952776525593,0.91861202439,-1
1004-HV-C-L-06,0.906704493632,0.946176241132,1.0,0.937755981364,0.815905139576,0.958900629575,0.969614490742,0.96845600565,0.806625828814,0.876058649124,0.948609384366,0.911356119889,-1
1004-HV-C-L-06,0.904261076877,0.945519855332,1.0,0.934916926888,0.815381615918,0.956394540719,0.966438445138,0.966249388628,0.803902790904,0.873184661516,0.945147941461,0.909774900702,-1
1004-HV-C-L-06,0.901147425974,0.951552020744,1.0,0.946796908481,0.83772769819,0.956686060103,0.970401612079,0.967589893752,0.795331476258,0.891384899655,0.959288507373,0.925130612044,-1
1004-HV-C-L-06,0.900916696554,0.951352172454,1.0,0.947905095154,0.841402955264,0.955392880605,0.968816422371,0.967453773975,0.795505738261,0.891055160767,0.95784920902,0.927096797266,-1
1004-HV-C-L-06,0.90481263025,0.946685287404,1.0,0.942120367338,0.82632209017,0.955829065585,0.967342651707,0.968278003803,0.804619899922,0.876583864805,0.949171778575,0.919783468097,-1
1004-HV-C-L-06,0.904235286647,0.947074514341,1.0,0.949065356966,0.833907265313,0.955849193531,0.970097883525,0.970632421104,0.801282926992,0.881025016603,0.956022263387,0.9287647696,-1
1004-HV-C-L-06,0.899225542992,0.935229319265,1.0,0.914699092467,0.747130194451,0.96472236129,0.978522153695,0.966005618503,0.783024729141,0.882292315976,0.96270553294,0.888223971996,-1
1004-HV-C-L-06,0.912466793166,0.94844780339,1.0,0.937344710683,0.841402633438,0.951759432637,0.956569871111,0.965419234141,0.828104980592,0.873259783017,0.931111386653,0.919090188702,-1
1004-HV-C-L-06,0.905073240181,0.961024248262,1.0,0.950372413946,0.872843386082,0.951694355257,0.957926648101,0.962951310226,0.81132299914,0.906033979849,0.951324760086,0.933854614235,-1
1004-HV-C-L-06,0.905439361222,0.941059260147,1.0,0.933029636688,0.817275002341,0.950945020575,0.959829201598,0.965342671145,0.812612436937,0.860130567573,0.933941777999,0.912062863291,-1
1004-HV-C-L-06,0.901078788664,0.937832999214,1.0,0.920887853751,0.803347917042,0.948604389982,0.95646639076,0.960204493028,0.805614848999,0.854913276062,0.927332923498,0.89972903888,-1
1004-HV-C-L-06,0.913412221348,0.925791604076,1.0,0.881785319337,0.805802109322,0.940320305675,0.941292976852,0.947291154569,0.766991219167,0.859958432545,0.91608970566,0.884418995481,-1
1004-HV-C-L-06,0.892414383273,0.972857973329,1.0,0.932338535945,0.891716503927,0.927240851097,0.914871740428,0.932774609216,0.826628272623,0.910859044801,0.923248982575,0.91696351876,-1
1004-HV-C-L-06,0.914468857201,0.962707393485,1.0,0.916384066265,0.866416582929,0.938766922175,0.928232527051,0.946462169292,0.86144963693,0.883371210482,0.8976832614,0.896209825445,-1
1004-HV-C-L-06,0.909163791529,0.960293796569,1.0,0.930238403421,0.867756335178,0.941238775215,0.941314658633,0.952081795838,0.843831466555,0.894173962686,0.928401307593,0.915500405362,-1
1004-HV-C-L-06,0.88469195317,0.96105335265,1.0,0.928587606894,0.869837051462,0.925672076619,0.923029629993,0.936737576545,0.803034283125,0.898009536188,0.924394746508,0.910189774618,-1
1004-HV-C-L-06,0.888939286059,0.954744824987,1.0,0.913956753705,0.844636805078,0.930906797206,0.927363707346,0.938492354202,0.807863114897,0.882219155609,0.911324834806,0.890706172846,-1
1004-HV-C-L-06,0.912869888388,0.944216466973,1.0,0.891029161918,0.845782210361,0.9308101961,0.922921641301,0.938433553569,0.804273053986,0.874307238877,0.901223194098,0.889250257466,-1
1004-HV-C-L-06,0.876748761037,0.95295922405,1.0,0.928352347152,0.855252556638,0.923211135637,0.928463285242,0.938992622064,0.782514004563,0.883074435116,0.927729981867,0.915493223605,-1
1004-HV-C-L-06,0.925520707913,0.932423316573,1.0,0.915961579683,0.838470636852,0.938710747487,0.935978972667,0.961250871474,0.850527823883,0.844138031537,0.894887570424,0.921581353078,-1
1004-HV-C-L-06,0.936258215219,0.941158143119,1.0,0.908846693573,0.878571112042,0.932707661724,0.926730388617,0.952150805809,0.846930947864,0.875183321556,0.909017210783,0.926886859373,-1
1004-HV-C-L-06,0.93735913118,0.934726908113,1.0,0.921057393555,0.859020200857,0.941855344247,0.939670504619,0.963449884057,0.859785755609,0.85278725055,0.906836825957,0.930944770909,-1
1004-HV-C-L-06,0.942987759403,0.927879183958,1.0,0.933916749623,0.849722686396,0.946726975275,0.943039174168,0.968285446222,0.870729049419,0.859150993842,0.903656937753,0.934030139072,-1
1004-HV-C-L-06,0.900232728511,0.96734783688,1.0,0.958762026171,0.889004019535,0.952155205599,0.962735565959,0.962933791715,0.799477963765,0.923966132115,0.965817513734,0.944384600957,-1
1004-HV-C-L-06,0.896444972463,0.983488284899,1.0,0.983113494652,0.940253758971,0.979512779946,0.990790301548,0.983113494652,0.87046852518,0.942111636248,0.986519024572,0.952981000703,-1
1004-HV-C-L-06,0.899577947625,0.982890050672,1.0,0.980559675848,0.934965560329,0.978406910737,0.988672459363,0.980559675848,0.858496944612,0.945295363364,0.984648875997,0.950910442596,-1
1004-HV-C-L-06,0.917716957747,0.968903278949,1.0,0.956921533868,0.895358751297,0.954412214037,0.956776537939,0.966125908349,0.840806996805,0.916868909563,0.951891609064,0.943684641908,-1
1004-HV-C-L-06,0.925334820184,0.967223045325,1.0,0.956334571631,0.892229477095,0.957032129852,0.958469215284,0.969747877499,0.855757282962,0.910712227237,0.947351111384,0.94365827364,-1
1004-HV-C-L-06,0.904448530456,0.96154865685,1.0,0.956719639389,0.87554194498,0.952983946716,0.964524735059,0.966771921206,0.806796836669,0.909907195537,0.962215553777,0.942931212417,-1
1004-HV-C-L-06,0.917114258454,0.964658276805,1.0,0.913095366156,0.863013535687,0.943097640958,0.929935572171,0.947417030901,0.855519812741,0.879344514169,0.89548332566,0.894900131113,-1
1004-HV-C-L-06,0.907720743723,0.950074117549,1.0,0.913134294673,0.818806497377,0.948226121772,0.947352384056,0.955760540154,0.826358502831,0.866469760206,0.914973726764,0.893672957796,-1
1004-HV-C-L-06,0.899769431904,0.954988286175,1.0,0.916598971999,0.841107153978,0.940000349025,0.935443878177,0.947390127211,0.818212099148,0.870789049204,0.908242540411,0.894221028194,-1
1004-HV-C-L-06,0.898267956729,0.954231958217,1.0,0.917415569942,0.835093395393,0.942056502772,0.939439795579,0.949053084731,0.811813698742,0.871871518258,0.913789439562,0.894500063225,-1
1004-HV-C-L-06,0.900651635912,0.962754106827,1.0,0.938570372756,0.865777884545,0.947350803512,0.950911361655,0.954531092343,0.808690436627,0.903944372875,0.944903038686,0.923014447317,-1
1004-HV-C-L-06,0.901166125762,0.96122819142,1.0,0.936857153532,0.858627236541,0.948735099061,0.952587013379,0.955856757736,0.808784757724,0.900068017446,0.944026012038,0.919432009564,-1
1004-HV-C-L-06,0.898791771243,0.963473787362,1.0,0.936886344427,0.864516320673,0.946853592964,0.949855571675,0.952853204735,0.80683012605,0.904452345134,0.943988282821,0.920094346722,-1
1004-HV-C-L-06,0.918854319209,0.944816600142,1.0,0.880400207107,0.829200031861,0.950718918739,0.94244585478,0.94317910757,0.754593241495,0.897632924892,0.925408523265,0.877404605649,-1
1004-HV-C-L-06,0.911197017939,0.93839569856,1.0,0.887962225953,0.793540524341,0.955598133075,0.955018124205,0.951809969452,0.766568160142,0.878701373043,0.926229650429,0.86585608403,-1
1004-HV-C-L-06,0.911386321892,0.933662934262,1.0,0.884279578326,0.785413009565,0.955507114258,0.957516380177,0.952213262435,0.757780209777,0.875900667259,0.930538571021,0.865420439412,-1
1004-HV-C-L-06,0.917906029256,0.974791399096,1.0,0.918411243486,0.845668001607,0.967769091146,0.960499018598,0.956600413005,0.83692117175,0.920882416026,0.934978932485,0.878590110122,-1
1004-HV-C-L-06,0.904547160146,0.961976139167,1.0,0.953607261006,0.870891251783,0.955482375258,0.966388390702,0.96570086267,0.80638747964,0.910731806068,0.962435356226,0.93801055658,-1
1004-HV-C-L-06,0.902179362122,0.958314505641,1.0,0.950211282778,0.861121101839,0.954424884674,0.965896824858,0.964930856003,0.801247191674,0.904191222102,0.960088858854,0.933376901987,-1
1004-HV-C-L-06,0.903537832417,0.960331421169,1.0,0.951464485404,0.866593513953,0.954305299307,0.964249483441,0.964905447393,0.804279631633,0.906211215569,0.959006336257,0.936207067548,-1
1004-HV-C-L-06,0.906360091682,0.956635251329,1.0,0.950499015504,0.856575999542,0.955851196857,0.966649867576,0.967681366891,0.808597191202,0.898141525401,0.95747803237,0.933692569818,-1
1004-HV-C-L-06,0.903476516897,0.953078886009,1.0,0.949879206333,0.849982719026,0.95428490648,0.966146708758,0.967751491367,0.801621607614,0.891773302863,0.956198074334,0.933328353912,-1
1004-HV-C-L-06,0.925196512465,0.972273834828,1.0,0.950083635624,0.898084873618,0.954191565124,0.950285746708,0.963362473532,0.862520046454,0.916079339654,0.940098776464,0.935519677614,-1
1004-HV-C-L-06,0.923510456799,0.975303104554,1.0,0.954285947272,0.908973858965,0.952212592909,0.947809189815,0.961586342436,0.862648933473,0.922975630603,0.943801851642,0.941689461987,-1
1004-HV-C-L-06,0.92536056801,0.973514192111,1.0,0.952758412671,0.904272794303,0.952903513243,0.94939819344,0.963165275546,0.864122653757,0.918472133189,0.941804026802,0.93976391501,-1
1004-HV-C-L-06,0.929455326122,0.971361407561,1.0,0.948398551727,0.897241471594,0.955747026579,0.950780002102,0.964575131655,0.871461903326,0.912329777968,0.934482179239,0.932645199337,-1
1004-HV-C-L-06,0.913408148983,0.977565943776,1.0,0.964536068636,0.921571468571,0.952136200252,0.952258210346,0.964536068636,0.854806602533,0.927870959743,0.954085647239,0.950355038145,-1
1004-HV-C-L-06,0.927880309402,0.967965977484,1.0,0.939692132391,0.878301605519,0.957776279391,0.953217202912,0.964260952076,0.866341574107,0.903556679819,0.929060761495,0.918865260294,-1
1004-HV-C-L-06,0.896621918218,0.955795862166,1.0,0.924718207823,0.840530568124,0.946641142112,0.949891761108,0.951197623414,0.802807932542,0.889552813865,0.934733774798,0.904545008257,-1
1004-HV-C-L-06,0.898692922188,0.955632128239,1.0,0.923716215638,0.839554159565,0.947148978154,0.949930814035,0.951833670121,0.806724920413,0.888940172354,0.933893357831,0.902275221843,-1
1004-HV-C-L-06,0.902977663442,0.950301254745,1.0,0.916925231533,0.821270961842,0.94905570184,0.951730962863,0.954903197439,0.813994410319,0.874093099817,0.926434454823,0.894250906925,-1
1004-HV-C-L-06,0.898738974892,0.962836089274,1.0,0.939988832539,0.876821813735,0.939343788149,0.941446427386,0.950666651951,0.815925548801,0.901520099432,0.939294269422,0.929093874133,-1
1004-HV-C-L-06,0.908695396441,0.963487172879,1.0,0.937199161755,0.874622907707,0.943541845124,0.942493925788,0.954265922632,0.837666968549,0.895943495913,0.931944241576,0.925768337177,-1
1004-HV-C-L-06,0.908844278474,0.968290169129,1.0,0.94157570616,0.881822659208,0.94854583381,0.948491469239,0.954934604011,0.831602942559,0.910376421395,0.944287311441,0.929793091338,-1
1004-HV-C-L-06,0.905142800823,0.970787355482,1.0,0.945053137496,0.88728552942,0.948104832474,0.948468863707,0.953758328865,0.824221186943,0.916903465932,0.94921897148,0.933295987469,-1
1004-HV-C-L-06,0.91163425373,0.955959317486,1.0,0.949501023432,0.869081994949,0.948640439664,0.953876979735,0.965914697917,0.829473177731,0.889047966908,0.940120667848,0.938181975018,-1
1004-HV-C-L-06,0.918104795878,0.958921529075,1.0,0.949727442832,0.875138088387,0.951659181673,0.954994454037,0.967026923761,0.842171794801,0.893181683485,0.940264282559,0.939223347046,-1
1004-HV-C-L-06,0.955009618239,0.901682007879,1.0,0.951682778531,0.876081999522,0.940804231006,0.930181553033,0.961664550901,0.797552802685,0.879430998994,0.914619529132,0.929934414192,-1
1004-HV-C-L-06,0.926441347228,0.947755637659,1.0,0.93694325509,0.834038932379,0.960195453758,0.962476655842,0.972051462007,0.853056001178,0.879418165559,0.933406724732,0.926017997586,-1
1004-HV-C-L-06,0.916060418172,0.953627687749,1.0,0.945761269151,0.860228914845,0.951969930382,0.955623208812,0.96742690821,0.836229892238,0.882416627425,0.934048952868,0.931331641641,-1
1004-HV-C-L-06,0.924344000808,0.950691388166,1.0,0.948192466366,0.861779613303,0.953556079359,0.955381466849,0.97164274521,0.852796017636,0.872057211221,0.925290916795,0.935633720669,-1
1004-HV-C-L-06,0.922617899333,0.95383941975,1.0,0.950240684468,0.869976676729,0.952429782823,0.955098567796,0.970386233279,0.850288045996,0.881882656012,0.931801481218,0.939050443327,-1
1004-HV-C-L-06,0.914657624297,0.951712752859,1.0,0.946478238674,0.858617072743,0.950623741941,0.954962061535,0.967692886602,0.833159506525,0.878793040896,0.932802022641,0.933070498857,-1
1004-HV-C-L-06,0.915814216093,0.954068371295,1.0,0.948758894492,0.863654553891,0.951633904313,0.957048269303,0.968361446909,0.835082827627,0.885298175768,0.938564980647,0.936224121447,-1
1004-HV-C-L-06,0.911657823256,0.957663255168,1.0,0.954099292408,0.875374152926,0.949885140432,0.956405045842,0.967462861694,0.827332092276,0.895442887735,0.945799575199,0.942718810184,-1
1004-HV-C-L-06,0.909998986809,0.971724761682,1.0,0.954605837774,0.903702724711,0.943989962898,0.944641193659,0.957573871316,0.836616665943,0.919059601694,0.948851044077,0.945769207783,-1
1004-HV-C-L-06,0.909055341426,0.97582016751,1.0,0.958564520915,0.916433986491,0.944195822164,0.943393462654,0.958564520915,0.855096247136,0.920598710839,0.946352105075,0.946657964553,-1
1004-HV-C-L-06,0.946138196191,0.975412101174,1.0,0.953843306598,0.901728416672,0.964461578949,0.963305606853,0.974701916054,0.903476345829,0.911789706992,0.942837105459,0.9472483143,-1
1004-HV-C-L-06,0.967817712284,0.954248880639,1.0,0.943640694161,0.909310527202,0.958377341771,0.954115742116,0.971567798896,0.903667977311,0.908573643613,0.932087173544,0.946265463337,-1
1004-HV-C-L-06,0.954354777664,0.971541471136,1.0,0.953599459327,0.900794487295,0.967446856135,0.966033040591,0.97865075299,0.917298660484,0.917606994435,0.945322795183,0.956620650006,-1
1004-HV-C-L-06,0.922299642352,0.968080778649,1.0,0.939772590662,0.896065837389,0.943481370005,0.939118172581,0.954974465294,0.871559010342,0.907516760136,0.926956934439,0.928333859688,-1
1004-HV-C-L-06,0.999471513773,0.524067373966,0.993193523908,0.991893762527,0.986516385513,0.989517427955,0.987286838701,0.991893762527,0.977974672313,0.978097239361,0.980380172771,0.98312324264,-1
1004-HV-C-L-06,0.939191023657,0.959158777772,1.0,0.924475280412,0.895401027809,0.943933288266,0.939075200885,0.956093441546,0.874433538921,0.903715635183,0.922648932874,0.927106422393,-1
1004-HV-C-L-06,0.930760580965,0.968008372377,1.0,0.938370542374,0.893798377394,0.949063626559,0.943547948202,0.959819937429,0.886871907009,0.904479690399,0.921000665963,0.924286359428,-1
1004-HV-C-L-06,0.977222208266,0.914387749128,1.0,0.950237548498,0.922229924509,0.940627279007,0.928822873248,0.950237548498,0.877078853375,0.918045991375,0.92597208064,0.932652686989,-1
1004-HV-C-L-06,0.915272689671,0.968574115061,1.0,0.937308401257,0.872958435388,0.952415690796,0.952691902526,0.958189348833,0.845184405557,0.909078117592,0.941759254662,0.920739947507,-1
1004-HV-C-L-06,0.911903112605,0.968853678198,1.0,0.937270742427,0.87570588136,0.948951720817,0.948095868091,0.955538907221,0.842498383683,0.90807500017,0.939304201135,0.921135438053,-1
1004-HV-C-L-06,0.930108864428,0.965547513431,1.0,0.938399569225,0.870598668889,0.957123538543,0.957466540471,0.966728904397,0.873943228888,0.898969279805,0.936614733664,0.925801739646,-1
1004-HV-C-L-06,0.893803266031,0.969598513154,1.0,0.941526107129,0.880279205705,0.944201836527,0.94714332252,0.948131513144,0.804099613088,0.920112647788,0.951997556539,0.924785049847,-1
1004-HV-C-L-06,0.927076014104,0.971108089839,1.0,0.925060784012,0.868706383577,0.956489320886,0.950809838831,0.958376755255,0.866328930808,0.904079937052,0.926758019457,0.907314958695,-1
1004-HV-C-L-06,0.901339698751,0.961342791311,1.0,0.936517997436,0.855585883307,0.951804664456,0.956406415914,0.956630600663,0.806646155117,0.904906225233,0.947602563713,0.916095536769,-1
1004-HV-C-L-06,0.895556150827,0.966903844276,1.0,0.951562039177,0.886884252778,0.944851473402,0.952691231113,0.955275483753,0.798913867492,0.919171460058,0.958362683776,0.939120480949,-1
1004-HV-C-L-06,0.905525552916,0.965306454113,1.0,0.954390100552,0.888839302795,0.946405629629,0.95328482568,0.961236568857,0.820281424701,0.912699626135,0.95413681755,0.943032165885,-1
1004-HV-C-L-06,0.908400463892,0.962681237777,1.0,0.953297391837,0.883431245689,0.946863781283,0.952792467649,0.963301167041,0.825687526002,0.904433301968,0.948970912512,0.942347315924,-1
1004-HV-C-L-06,0.922847332382,0.965044399461,1.0,0.950522475052,0.883007097405,0.95501348497,0.95579597838,0.96737132807,0.850003963452,0.903447854113,0.94260020481,0.938030768346,-1
1004-HV-C-L-06,0.922090294674,0.966007561047,1.0,0.951175657168,0.885994287927,0.95473079854,0.954926817803,0.966634214255,0.850026069454,0.906383134452,0.942027784974,0.93743209461,-1
1004-HV-C-L-06,0.921631267376,0.966139484406,1.0,0.951351579421,0.886109718721,0.954747771256,0.955866642463,0.966524667231,0.848084967262,0.907002788505,0.944093876385,0.938741683418,-1
1004-HV-C-L-06,0.926276725322,0.966369056614,1.0,0.947841409666,0.883791266939,0.956114881083,0.954348618912,0.966910386331,0.85864236663,0.902816676899,0.936826816509,0.934093795178,-1
1004-HV-C-L-06,0.924406281291,0.967476279339,1.0,0.952075878935,0.890246549255,0.955527901257,0.95510209383,0.966991812079,0.854797145901,0.908706707149,0.942872865195,0.93987439612,-1
1004-HV-C-L-06,0.920491435592,0.952901088709,1.0,0.916541492392,0.822490622983,0.95827635492,0.957816531347,0.962617940308,0.835324367617,0.883838317109,0.928994561853,0.900712538978,-1
1004-HV-C-L-06,0.925083108408,0.943046396112,1.0,0.896482955117,0.844288627375,0.944499299017,0.938375235638,0.950195190636,0.801043178384,0.881098311905,0.91737801288,0.89971330449,-1
1004-HV-C-L-06,0.912220071546,0.957018186182,1.0,0.915033584264,0.829285206932,0.95404414052,0.950581265242,0.956311074393,0.834061531802,0.881816986772,0.919427002133,0.891183566103,-1
1004-HV-C-L-06,0.921451266058,0.94456654623,1.0,0.885113543516,0.848631140547,0.938580660952,0.929242100913,0.940382812313,0.781954912747,0.889871743982,0.917486078016,0.89454386399,-1
1004-HV-C-L-06,0.904686120316,0.963271182232,1.0,0.929844105763,0.861080036383,0.946338059504,0.944689955269,0.951865590169,0.82423918984,0.89670996131,0.931814673531,0.912369458235,-1
1004-HV-C-L-06,0.914115576888,0.955906218397,1.0,0.922090886392,0.827784083025,0.958497707578,0.956666430289,0.961146568825,0.829504684379,0.884136205877,0.924995278193,0.891409338379,-1
1004-HV-C-L-06,0.897360022923,0.941012749962,1.0,0.902116660571,0.786697687576,0.948432810447,0.950380641492,0.95289903986,0.801939781745,0.860470871813,0.917284731204,0.881200882209,-1
1004-HV-C-L-06,0.901055005765,0.935938611245,1.0,0.90997550343,0.776886908415,0.952086551643,0.959487337011,0.960076420299,0.801926780066,0.862788579575,0.933715333576,0.895439873807,-1
1004-HV-C-L-06,0.89734434791,0.949011736255,1.0,0.92678043706,0.826668604093,0.948178643936,0.95535452473,0.956635657724,0.799084946373,0.877811042445,0.937619006148,0.906407435451,-1
1004-HV-C-L-06,0.902105580408,0.946738921453,1.0,0.911915507761,0.804475574324,0.950598842007,0.952468116265,0.955898194238,0.81049153767,0.86602807447,0.922771093183,0.889938964628,-1
1004-HV-C-L-06,0.896858729413,0.953290073763,1.0,0.928494296599,0.835568379961,0.948789394354,0.95247070883,0.955147379188,0.798963248885,0.885097058387,0.936167008862,0.90544094404,-1
1004-HV-C-L-06,0.892077689925,0.960006532822,1.0,0.946958172353,0.870969808754,0.941042057205,0.950677890308,0.955635215952,0.793334410484,0.902439877545,0.952019277512,0.935210248719,-1
1004-HV-C-L-06,0.904599155428,0.962090699299,1.0,0.950480124701,0.877658026553,0.946008051828,0.953674265077,0.961384978568,0.817963265165,0.902878155641,0.950661184872,0.93946499396,-1
1004-HV-C-L-06,0.89467593053,0.961244824399,1.0,0.953629428475,0.880082593356,0.94177470207,0.952972912281,0.95927249068,0.797505445206,0.90609910084,0.955829939521,0.942978187083,-1
1004-HV-C-L-06,0.894980707792,0.95590911478,1.0,0.93664437487,0.848984310636,0.946683479416,0.954085048501,0.95594124732,0.79629543633,0.893124275824,0.945722909926,0.918144561786,-1
1004-HV-C-L-06,0.89759919183,0.936698114174,1.0,0.881503506135,0.784752607,0.944649405185,0.946946689451,0.943627021131,0.771518573796,0.865305893786,0.920900626927,0.864317297014,-1
1004-HV-C-L-06,0.874680651512,0.952848176685,1.0,0.926323878968,0.825981036474,0.946221700701,0.961261249289,0.946942314218,0.755165705708,0.901507506122,0.959598175087,0.900785217241,-1
1004-HV-C-L-06,0.881851977159,0.941454647296,1.0,0.904179450846,0.778109122788,0.950064211789,0.960197128299,0.948979387651,0.766845237742,0.8737109138,0.940220978147,0.867566745538,-1
1004-HV-C-L-06,0.879891635298,0.950583222052,1.0,0.916303488542,0.812193801586,0.946642731699,0.955318838703,0.946473272941,0.764753389806,0.890232491818,0.944049354719,0.886574241803,-1
1004-HV-C-L-06,0.893993302462,0.933494506061,1.0,0.899542484203,0.751864828709,0.95436953033,0.962922514281,0.957083192048,0.785497957636,0.868896205427,0.938185525849,0.878826657514,-1
1004-HV-C-L-06,0.866882877205,0.960252091536,1.0,0.932535741769,0.866343323879,0.923519506859,0.928879346516,0.932808085553,0.764943095448,0.903768912384,0.940430025798,0.91663183214,-1
1004-HV-C-L-06,0.881500961295,0.956143568418,1.0,0.916251054438,0.841530374219,0.931218256916,0.929847236911,0.937374941774,0.790981691566,0.883321365318,0.920221489556,0.895075551203,-1
1004-HV-C-L-06,0.879674297523,0.965434234357,1.0,0.932220465897,0.870399628968,0.932322096569,0.931593523129,0.937071013072,0.786975235617,0.905894291224,0.937519810711,0.916082074485,-1
1004-HV-C-L-06,0.884024893251,0.970654321355,1.0,0.946033589215,0.89172365529,0.939327161929,0.942343988052,0.946033589215,0.806203899139,0.919210361711,0.950485978744,0.927845425378,-1
1004-HV-C-L-06,0.868680892173,0.965948474029,1.0,0.939864894878,0.882786423981,0.933739923365,0.938462428799,0.939864894878,0.79005698072,0.909434829823,0.943073330068,0.916744276434,-1
1004-HV-C-L-06,0.884959680706,0.969783868895,1.0,0.941799620896,0.892635701466,0.934459871939,0.933190960667,0.941799620896,0.815227107551,0.912568008606,0.937103359057,0.921074897095,-1
1004-HV-C-L-06,0.907236512653,0.925224919995,1.0,0.888602833082,0.783963276187,0.94301862676,0.946531868862,0.952167439399,0.783190001791,0.842207441671,0.912093187009,0.879142714724,-1
1004-HV-C-L-06,0.913277834812,0.921603587227,1.0,0.884281660649,0.796764696507,0.940555905847,0.942914741772,0.950622038751,0.77327562617,0.849897255467,0.914071698179,0.884755635034,-1
1004-HV-C-L-06,0.896183428288,0.93252783396,1.0,0.899850634685,0.768524696992,0.947278820615,0.953485809153,0.955083053652,0.799883832743,0.859951911651,0.925085130754,0.889362647818,-1
1004-HV-C-L-06,0.895960880693,0.927370411075,1.0,0.89337991758,0.757285410177,0.946923571758,0.953871647785,0.954297516752,0.792417642251,0.857101196034,0.92492180447,0.885577186232,-1
1004-HV-C-L-06,0.895125060333,0.932641842563,1.0,0.892031946063,0.76486006057,0.946835883696,0.951862721933,0.95184508778,0.792001052153,0.859949148282,0.922940859404,0.88012597873,-1
1004-HV-C-L-06,0.915180767215,0.916459828692,1.0,0.86952529923,0.821684830051,0.922481510878,0.920704167059,0.937937058186,0.756844103711,0.85551993569,0.904132076516,0.892073208856,-1
1004-HV-C-L-06,0.913867452492,0.909171612959,1.0,0.864265747261,0.800724109106,0.924849138418,0.924202838887,0.93813339292,0.742491800397,0.848924493775,0.902996860089,0.879814739168,-1
1004-HV-C-L-06,0.91586991927,0.9463513195,1.0,0.914858670388,0.823442967163,0.946523989019,0.945112131135,0.95942984078,0.846432640334,0.870314826888,0.912515516943,0.908705847517,-1
1004-HV-C-L-06,0.924305226977,0.932695465423,1.0,0.89054522833,0.845486767371,0.929955305095,0.924582663691,0.94637899967,0.804475188109,0.86799046143,0.904497605504,0.903077700641,-1
1004-HV-C-L-06,0.924520701204,0.93273061389,1.0,0.88814468585,0.84853517912,0.928212510223,0.921835964071,0.944259263441,0.800739610551,0.867905795466,0.903240673481,0.90382798921,-1
1004-HV-C-L-06,0.910032740116,0.970758230189,1.0,0.917342328525,0.849623592327,0.954387814521,0.949600925226,0.950547533845,0.836469888355,0.906012682318,0.93281313478,0.894336662185,-1
1004-HV-C-L-06,0.90127270137,0.954602744643,1.0,0.901935799185,0.83428322237,0.938183791052,0.930025966181,0.941577347947,0.832482350982,0.870233385895,0.895525289246,0.878072853952,-1
1004-HV-C-L-06,0.893896215654,0.949295805005,1.0,0.896623885878,0.792751412695,0.947199268394,0.950462126781,0.947075166774,0.799276422675,0.874954155146,0.927403579305,0.873580497045,-1
1004-HV-C-L-06,0.893281144873,0.95019918516,1.0,0.894314925625,0.803090366219,0.942603563196,0.94169403683,0.942721999301,0.804950425435,0.866628035511,0.913093578819,0.872124526897,-1
1004-HV-C-L-06,0.884415838522,0.95082941274,1.0,0.902731017699,0.813250077704,0.938460624389,0.940170486743,0.939797812932,0.787921426137,0.874243688167,0.922680119963,0.881558429019,-1
1004-HV-C-L-06,0.940569343417,0.950102723377,1.0,0.892595077787,0.896342040024,0.930620550509,0.916090095743,0.940569343417,0.821612264125,0.904168958377,0.918077215426,0.922065425684,-1
1004-HV-C-L-06,0.935222569356,0.94748907325,1.0,0.89624206221,0.884012302328,0.930349624169,0.91803134521,0.94205271116,0.81882157984,0.896433917103,0.914592155045,0.919320590774,-1
1004-HV-C-L-06,0.93294404872,0.94878617376,1.0,0.898715698694,0.879472186715,0.933028744893,0.920883790942,0.943650224884,0.822543128129,0.893215074543,0.912356184637,0.915804643975,-1
1004-HV-C-L-06,0.93251778015,0.948797747319,1.0,0.891117375829,0.878865699982,0.929406586282,0.91538506663,0.939343016957,0.811372476751,0.895483195562,0.913067600353,0.913584299509,-1
1004-HV-C-L-06,0.943990061733,0.934051326809,1.0,0.879775246923,0.885317206976,0.923363737312,0.905608125662,0.934051326809,0.803132282456,0.892540239299,0.907120168972,0.91166471907,-1
1004-HV-C-L-06,0.926633741026,0.951593669235,1.0,0.898657702233,0.868070138301,0.935663002029,0.924133865819,0.943643499908,0.821772415893,0.88824284441,0.910180602024,0.908037704776,-1
1004-HV-C-L-06,0.896411891792,0.944368347934,1.0,0.934149672467,0.827954172407,0.943077009994,0.953716375396,0.960351779817,0.799842645678,0.865055218129,0.936521793149,0.920546223376,-1
1004-HV-C-L-06,0.888175411608,0.946803831034,1.0,0.934377635869,0.829437038053,0.94186312733,0.955330801626,0.956976627432,0.782874254433,0.875464686675,0.94562709546,0.91927913665,-1
1004-HV-C-L-06,0.891482204037,0.944499205548,1.0,0.930440885383,0.822711053885,0.942767127242,0.954497391983,0.957423167249,0.790347170306,0.868148440581,0.939452063049,0.914346765286,-1
1004-HV-C-L-06,0.894709482851,0.944544085984,1.0,0.931012860998,0.822793434826,0.943905634871,0.954234526765,0.9590100314,0.796565570186,0.866432526274,0.937509098147,0.914803615543,-1
1004-HV-C-L-06,0.886680038473,0.935804499875,1.0,0.883489031479,0.755335743738,0.94815454659,0.951723911329,0.94603617761,0.773790825223,0.864512651012,0.921956385645,0.857858988982,-1
1004-HV-C-L-06,0.88319759831,0.933765780588,1.0,0.883601622973,0.744826269685,0.948245238966,0.953760131904,0.946720181687,0.772539005978,0.865508810555,0.92550166794,0.858538716495,-1
1004-HV-C-L-06,0.919324130815,0.967872376932,1.0,0.928653339723,0.882658584227,0.943721358164,0.938083598559,0.950946954292,0.866616601944,0.898035177442,0.917940758012,0.915488148868,-1
1004-HV-C-L-06,0.919482914557,0.969011012132,1.0,0.930137520096,0.88508815107,0.943926654894,0.938537445859,0.951048361713,0.868666567982,0.900776024839,0.921132496671,0.917416542559,-1
1004-HV-C-L-06,0.903595609356,0.97256612646,1.0,0.940024206478,0.8992408462,0.934434976581,0.928858917395,0.942616332017,0.842728097738,0.915335947461,0.933368495124,0.928124742745,-1
1004-HV-C-L-06,0.899092494891,0.967162954213,1.0,0.930115639677,0.881285771901,0.933869884119,0.930380252183,0.940598051646,0.828729787091,0.905006546151,0.929440973156,0.917726661779,-1
1004-HV-C-L-06,0.890202686195,0.971124597445,1.0,0.935633745353,0.890526851487,0.930077774059,0.927476042493,0.935633745353,0.815773796509,0.915594246973,0.938059840344,0.925090966618,-1
1004-HV-C-L-06,0.970549168712,0.912871282514,1.0,0.944874662489,0.901594153436,0.937286233749,0.93019392357,0.951191924809,0.853401831204,0.906693392888,0.927457120447,0.93526244671,-1
1004-HV-C-L-06,0.958260795875,0.931156495848,1.0,0.921024890087,0.877215980579,0.944141347015,0.93758371332,0.955719617806,0.865330235535,0.884976690994,0.91150473043,0.919781394356,-1
1004-HV-C-L-06,0.961900385197,0.92329161837,1.0,0.927474346532,0.871754384133,0.945730434311,0.93958814523,0.95661976071,0.86973824076,0.879035540422,0.907763598469,0.916013438176,-1
1004-HV-C-L-06,0.928344100081,0.94760174544,1.0,0.906166873065,0.863538560145,0.938269016522,0.934972375728,0.950728226524,0.836141874776,0.880533420876,0.915807487223,0.915517204512,-1
1004-HV-C-L-06,0.922708418961,0.950976502565,1.0,0.91390359134,0.853209586401,0.943024153494,0.940475506328,0.954666470487,0.851396866895,0.870720254726,0.909244746414,0.909577861656,-1
1004-HV-C-L-06,0.929753278451,0.944663660401,1.0,0.901359829273,0.86856683822,0.934028334373,0.930247471792,0.947280058451,0.829939288836,0.882474745334,0.916725119331,0.917818161136,-1
1004-HV-C-L-06,0.921304746106,0.926978403283,1.0,0.858809462189,0.859467834507,0.906094713555,0.893456817875,0.921304746106,0.765916828639,0.878527397483,0.903100243428,0.899592561004,-1
1004-HV-C-L-06,0.927250458551,0.905684901751,1.0,0.860635466099,0.83074481113,0.909848095596,0.896748206313,0.922341053205,0.757561111818,0.855331348486,0.886014468345,0.880113639902,-1
1004-HV-C-L-06,0.927570500047,0.923546275137,1.0,0.867130354226,0.864844534441,0.907979646378,0.895103951436,0.924839300441,0.779487419794,0.880613975253,0.902637349014,0.904033163358,-1
1004-HV-C-L-06,0.93973969282,0.911640457997,1.0,0.888732958279,0.845064994397,0.921254184346,0.909311693722,0.936544328325,0.817446306485,0.859694409813,0.884036782316,0.889373136727,-1
1004-HV-C-L-06,0.94815229264,0.906473017265,1.0,0.902268897461,0.837620549157,0.93051150072,0.919225485014,0.9437090402,0.839144406216,0.852020797099,0.878816341105,0.885247064812,-1
1004-HV-C-L-06,0.910799209313,0.943563212617,1.0,0.909914061995,0.825335105223,0.940503133501,0.938865868779,0.953993406001,0.842586502308,0.861600735679,0.905894243281,0.905154400176,-1
1004-HV-C-L-06,0.919386355224,0.939752779284,1.0,0.897211008331,0.844305512251,0.932633677083,0.928469255606,0.946779135337,0.821297131539,0.862893165778,0.904150866548,0.903607676639,-1
1004-HV-C-L-06,0.910164015971,0.944121247263,1.0,0.905031498147,0.825296325206,0.93889274382,0.936757016065,0.951165372876,0.834999428459,0.858193102222,0.903188225232,0.899635999946,-1
1004-HV-C-L-06,0.913826268064,0.945422466357,1.0,0.907187398164,0.83291528793,0.93926763851,0.935916968739,0.952132016318,0.839784835462,0.858587087936,0.901510056256,0.901871703995,-1
1004-HV-C-L-06,0.945217117633,0.918748427444,1.0,0.909423844274,0.844474840202,0.934862005343,0.927929187674,0.952679970891,0.84896269823,0.853893051648,0.889621290605,0.903841516494,-1
1004-HV-C-L-06,0.933699468352,0.932246774561,1.0,0.890578239304,0.868764788296,0.923202026115,0.918016984948,0.943508475172,0.814086537094,0.877419231348,0.912580284999,0.919461511548,-1
1004-HV-C-L-06,0.894360044482,0.935175920751,1.0,0.892670487226,0.801351306304,0.926585853356,0.924263339642,0.942922932216,0.821189453011,0.843094015802,0.887060911621,0.882561256361,-1
1004-HV-C-L-06,0.908840924793,0.931273220423,1.0,0.886339636563,0.829130934757,0.920978905852,0.916605260498,0.939361910806,0.810906885557,0.849390852035,0.886894238125,0.88538625909,-1
1004-HV-C-L-06,0.904655436912,0.939323743497,1.0,0.896708730689,0.821278423209,0.928487511941,0.92410541553,0.944896071756,0.829844024496,0.848950395062,0.886949930744,0.885210945983,-1
1004-HV-C-L-06,0.903380364905,0.934264708981,1.0,0.889229179848,0.819380358117,0.924055262795,0.919436900904,0.94074489291,0.816268085119,0.84184165992,0.88262141418,0.880204791517,-1
1004-HV-C-L-06,0.90019020683,0.936812046247,1.0,0.894136951886,0.811379852902,0.927882396173,0.924744567895,0.943981758581,0.822518543185,0.84695629999,0.888465212972,0.883433802324,-1
1004-HV-C-L-06,0.913678619453,0.926712221174,1.0,0.881068411893,0.815587781474,0.932675398598,0.933589588776,0.944329399873,0.77790330691,0.858840322325,0.9120465837,0.889867318618,-1
1004-HV-C-L-06,0.9154447353,0.936323071262,1.0,0.871538884394,0.834035672423,0.928886236055,0.925119038079,0.934551817296,0.762081436055,0.881073919051,0.918781839966,0.891038253707,-1
1004-HV-C-L-06,0.915003938177,0.935371090438,1.0,0.870215804428,0.834034500147,0.928299069037,0.923804104399,0.933533502323,0.760144385006,0.879209076979,0.916882091799,0.890910071058,-1
1004-HV-C-L-06,0.936727367122,0.941138074568,1.0,0.8962052656,0.871449198659,0.936002430751,0.931038062967,0.948912289493,0.80804615179,0.892460363321,0.924636733092,0.920382529777,-1
1004-HV-C-L-06,0.931871839117,0.94527492675,1.0,0.901110370794,0.860985204023,0.940213106606,0.93619287032,0.951536320139,0.817813757195,0.88602859348,0.921195850536,0.913918329817,-1
1004-HV-C-L-06,0.905136141402,0.94888410261,1.0,0.925251741097,0.84221166176,0.937945470925,0.938763298881,0.955060631589,0.831501821372,0.862846956922,0.911539442816,0.910256767131,-1
1004-HV-C-L-06,0.907894738738,0.949293723664,1.0,0.927082728989,0.841858469208,0.940316874584,0.941023836947,0.957531305892,0.836716151104,0.861588685766,0.911668818647,0.911438673141,-1
1004-HV-C-L-06,0.908217345345,0.947636635115,1.0,0.922265886547,0.833884477495,0.941202203704,0.941250839322,0.957050110776,0.836689449464,0.857719295509,0.908793152932,0.907866853554,-1
1004-HV-C-L-06,0.901634782167,0.952439729526,1.0,0.929026771954,0.851252888726,0.936577845112,0.937913176359,0.953065999216,0.825355399565,0.872498084779,0.91802162878,0.914797084727,-1
1004-HV-C-L-06,0.901118578856,0.949536863644,1.0,0.926756724744,0.843007824439,0.936982062269,0.938442873116,0.953867770029,0.823894783603,0.86511245951,0.914309667375,0.910600474656,-1
1004-HV-C-L-06,0.958496567202,0.932658351595,1.0,0.930475493759,0.86852275344,0.95059768201,0.950412084418,0.964390075261,0.88312165071,0.896658916833,0.928580575076,0.928739767612,-1
1004-HV-C-L-06,0.91742670722,0.913917775189,1.0,0.859526137396,0.83163159149,0.914680207627,0.911133783669,0.928179503936,0.747465515082,0.866012365839,0.910155125379,0.89374323138,-1
1004-HV-C-L-06,0.920837617145,0.912839402501,1.0,0.868746464081,0.826579569313,0.9202228327,0.917203125822,0.934032359571,0.763468468597,0.861451376784,0.907394294935,0.891087965563,-1
1004-HV-C-L-06,0.918396944982,0.909142111356,1.0,0.872409559797,0.815889316851,0.920317511411,0.918844727874,0.937034626075,0.770364652022,0.847786863459,0.900660908001,0.887974629189,-1
1004-HV-C-L-06,0.927515800677,0.892469587241,1.0,0.888220360957,0.783999303553,0.928777096464,0.92518629295,0.944353370512,0.802356227949,0.831948623877,0.884734991322,0.876525954564,-1
1004-HV-C-L-06,0.893127857583,0.947957061769,1.0,0.901039319541,0.821229500669,0.932839717358,0.929394408722,0.940839568188,0.818196931251,0.862956938965,0.897611057322,0.874455592916,-1
1004-HV-C-L-06,0.889300936593,0.953597738927,1.0,0.912486640163,0.839979717624,0.931461104153,0.92832174297,0.9394598808,0.809389899104,0.877888676023,0.910579162954,0.889305021957,-1
1004-HV-C-L-06,0.886864445127,0.949248849336,1.0,0.905780701582,0.828367122375,0.929646838263,0.928157102091,0.937893294375,0.806575433222,0.869755810902,0.906160750275,0.881645580139,-1
1004-HV-C-L-06,0.882351813548,0.947068577117,1.0,0.9000569404,0.818475518242,0.929661502429,0.92746986642,0.935225708419,0.795050900078,0.864665127449,0.90365979183,0.87510379367,-1
1004-HV-C-L-06,0.893531404023,0.95410495054,1.0,0.924079965224,0.851935798519,0.932786601621,0.935029097262,0.945408144384,0.811905333169,0.88442872322,0.925301280612,0.90895037361,-1
1004-HV-C-L-06,0.88559740174,0.951241344698,1.0,0.918307176366,0.841457784197,0.929796152026,0.932831467452,0.94105121317,0.798255491128,0.878988178877,0.922641829565,0.900741613977,-1
1004-HV-C-L-06,0.932431982431,0.9299044211,1.0,0.872141153957,0.875388129988,0.913443621162,0.902878155197,0.9299044211,0.792955204983,0.884657438867,0.909235460056,0.911397784836,-1
1004-HV-C-L-06,0.925273012966,0.957294688189,1.0,0.911062540576,0.866347892429,0.938319596097,0.931382669275,0.95027367321,0.85603518778,0.883952827232,0.909032527975,0.907717064736,-1
1004-HV-C-L-06,0.928611122877,0.910257189873,1.0,0.881627145525,0.826576753056,0.92018930645,0.912385843944,0.938744587069,0.793987440969,0.842283726735,0.884532830331,0.891089770022,-1
1004-HV-C-L-06,0.950487708555,0.926790420115,1.0,0.916111118817,0.861909688743,0.938047534642,0.930706876362,0.955525701315,0.8625358122,0.863230813861,0.89253768831,0.910899398786,-1
1004-HV-C-L-06,0.954615484956,0.929436636603,1.0,0.927345544062,0.862512229712,0.945702789434,0.940201524569,0.962711281403,0.879984003756,0.880846000579,0.90865470559,0.92437579751,-1
1004-HV-C-L-06,0.918248055911,0.96190829419,1.0,0.915068672873,0.861424124351,0.942459424544,0.933451070163,0.949895311329,0.858702501401,0.878065048363,0.898928217778,0.900075763675,-1
1004-HV-C-L-06,0.920504444454,0.958980938349,1.0,0.90577642075,0.868042593716,0.935464275675,0.924323028477,0.943236564063,0.845491381069,0.881694692448,0.898939935486,0.901911602201,-1
1004-HV-C-L-06,0.920720412542,0.956725964708,1.0,0.905894826556,0.864389664838,0.936531311049,0.92538668288,0.944984876562,0.844031362221,0.879857255692,0.89871944711,0.900436133015,-1
1004-HV-C-L-06,0.906528681701,0.955777340578,1.0,0.911670478388,0.84267924041,0.938493003838,0.932023356915,0.947519470086,0.841721049661,0.86773215305,0.897988011548,0.892748202224,-1
1004-HV-C-L-06,0.904920021851,0.958395019752,1.0,0.912463367438,0.845415064951,0.938542494677,0.931563105579,0.946159170629,0.839101238488,0.874230838097,0.900783649736,0.891327488304,-1
1004-HV-C-L-06,0.919519368546,0.959619373433,1.0,0.886164988099,0.857843856054,0.939217863265,0.925217124354,0.935553164393,0.794020611694,0.905350609097,0.917984500076,0.889821081711,-1
1004-HV-C-L-06,0.908867299301,0.950052073794,1.0,0.91398621772,0.833088691375,0.943470920381,0.939070423536,0.953036925173,0.833250983442,0.863529533725,0.899636275694,0.889063044016,-1
1004-HV-C-L-06,0.911132307411,0.94640294452,1.0,0.910138913997,0.825787065735,0.943789764611,0.940400648868,0.954160996138,0.835441748089,0.86467571646,0.901317739824,0.891172024568,-1
1004-HV-C-L-06,0.904029278824,0.949049289475,1.0,0.913584463281,0.823723087958,0.945101646664,0.944799350923,0.952952651124,0.820239701709,0.867621795562,0.911037302785,0.887551697631,-1
1004-HV-C-L-06,0.904068201093,0.948004374401,1.0,0.908112929397,0.816116673326,0.945791552916,0.944567770131,0.952062581536,0.818686927641,0.866565187822,0.908534546942,0.88146183773,-1
1004-HV-C-L-06,0.916005832618,0.946417490619,1.0,0.901769377051,0.84536383401,0.933485198561,0.927182280471,0.946643792329,0.833288758351,0.86449506285,0.896737750459,0.897206745409,-1
1004-HV-C-L-06,0.914807336558,0.944932433563,1.0,0.897234681521,0.8418936163,0.932486079898,0.925942435168,0.944626832986,0.825663119761,0.86598433659,0.897632501776,0.893111242605,-1
1004-HV-C-L-06,0.915076169474,0.944016750479,1.0,0.896801504331,0.843156242358,0.932076748085,0.926642354882,0.944122662652,0.822113558654,0.866764895843,0.90025328622,0.895172644888,-1
1004-HV-C-L-06,0.914474001412,0.94003135158,1.0,0.891616325543,0.841746420035,0.928130090469,0.923068289414,0.94142551473,0.814444668727,0.864386510381,0.899754291647,0.895507293788,-1
1004-HV-C-L-06,0.9160979522,0.939974454177,1.0,0.890916988636,0.845158905571,0.926643791754,0.919061673215,0.940892383463,0.815563388958,0.862325926934,0.895207832575,0.896224508601,-1
1004-HV-C-L-06,0.889390080479,0.962357791201,1.0,0.924659694545,0.873325013598,0.923454885268,0.919900813913,0.934214438385,0.820349839306,0.896098758107,0.919587276368,0.909240891853,-1
1004-HV-C-L-06,0.893146523754,0.956434471811,1.0,0.911741057713,0.850361696825,0.926447540859,0.922138898481,0.936976197985,0.824676643467,0.878556085917,0.906108619585,0.893672045351,-1
1004-HV-C-L-06,0.897099919214,0.952300062287,1.0,0.903951883348,0.838879530615,0.928625385732,0.922909248288,0.938658576402,0.831977201525,0.865384560443,0.892228447552,0.882652929443,-1
1004-HV-C-L-06,0.897030857804,0.956183988856,1.0,0.909330191773,0.848433588239,0.929327985536,0.923206523633,0.938401970016,0.830647779841,0.875273272997,0.900544117209,0.890175293208,-1
1004-HV-C-L-06,0.888492797208,0.955939328251,1.0,0.908530925875,0.848897554841,0.923150989808,0.916312228901,0.932499698553,0.818469174993,0.876944719613,0.900683010361,0.888025705013,-1
1004-HV-C-L-06,0.913935207395,0.932447937717,1.0,0.887134031649,0.846819332896,0.916403573817,0.908345497919,0.936586082683,0.813962100485,0.85575603357,0.884246815059,0.894393473055,-1
1004-HV-C-L-06,0.918929267993,0.926948947999,1.0,0.882649820233,0.850318321165,0.912949533886,0.903978634187,0.936440685,0.808286283689,0.85676348969,0.885190968959,0.897890761006,-1
1004-HV-C-L-06,0.906740374748,0.955116161273,1.0,0.918473454738,0.857569256843,0.931845910742,0.925236160655,0.946618722259,0.84967214605,0.867189752022,0.891886321756,0.898981643545,-1
1004-HV-C-L-06,0.891241400707,0.95993336135,1.0,0.931216198252,0.874312876593,0.922814392098,0.917810097515,0.940480538266,0.821700047675,0.887145239497,0.912315043356,0.914961624966,-1
1004-HV-C-L-06,0.891660022167,0.956527832303,1.0,0.924564000011,0.863870142874,0.924311224342,0.91967507622,0.939963688061,0.819439296,0.881464521195,0.908423862871,0.906738457542,-1
1004-HV-C-L-06,0.904549445496,0.950939077385,1.0,0.908498956101,0.838565518434,0.932840712425,0.925204673778,0.945898637682,0.843190337517,0.860341528739,0.885189024768,0.88922166845,-1
1004-HV-C-L-06,0.903128230643,0.946977289894,1.0,0.917279481646,0.832467104908,0.936974836049,0.937989717028,0.95216889811,0.83064235199,0.859892657042,0.908742705579,0.901452347846,-1
1004-HV-C-L-06,0.896515621613,0.946560252909,1.0,0.915294684258,0.834191658984,0.931178774092,0.931540000546,0.947133679211,0.820598502131,0.860024363543,0.905274269283,0.898650190733,-1
1004-HV-C-L-06,0.894237691821,0.952444406775,1.0,0.924087994969,0.847247723879,0.932211209213,0.934375037528,0.947440201387,0.81472366725,0.874872345908,0.920567049488,0.910438800548,-1
1004-HV-C-L-06,0.892789411719,0.951776950974,1.0,0.919828744155,0.842528013996,0.931702700313,0.932885688014,0.945417545555,0.813189812211,0.87278062006,0.915973029141,0.90396936197,-1
1004-HV-C-L-06,0.90316403177,0.950177098743,1.0,0.918743489161,0.84068813657,0.935674735446,0.934431231023,0.950609121426,0.83080509413,0.863663563854,0.906419468292,0.903884890753,-1
1004-HV-C-L-06,0.912197183192,0.889404024117,1.0,0.842473258742,0.791425924328,0.905016732251,0.895450640222,0.916471768503,0.716764167823,0.83197541279,0.877904421033,0.859928508611,-1
1004-HV-C-L-06,0.916987541465,0.888761159,1.0,0.85286359981,0.791454118278,0.909049490538,0.897714344683,0.921517114168,0.735949634788,0.825572091356,0.869589769285,0.860856507583,-1
1004-HV-C-L-06,0.91850259042,0.887026795752,1.0,0.845422218777,0.792336261245,0.906852856954,0.892407324756,0.915906612512,0.723050035052,0.830606099259,0.869925802914,0.855396667206,-1
1004-HV-C-L-06,0.917491815802,0.886020049771,1.0,0.851631868542,0.784230458702,0.91077426777,0.899146214703,0.921624747694,0.733559307844,0.823498352138,0.868772938354,0.854464076641,-1
1004-HV-C-L-06,0.922423207329,0.874806980905,1.0,0.857650753738,0.767980343706,0.914011304118,0.901671918943,0.92319128392,0.744000958284,0.80940758464,0.854880022409,0.839643682884,-1
1004-HV-C-L-06,0.947554188723,0.905437785306,1.0,0.930384619814,0.844328798754,0.940071394437,0.933778107779,0.957712252013,0.820031452929,0.855400702305,0.898967384953,0.911028858481,-1
1004-HV-C-L-06,0.946909303532,0.906094384864,1.0,0.93006704412,0.841721042739,0.941059756481,0.936407815234,0.958509347333,0.819201273278,0.857328246766,0.901935051517,0.910405241302,-1
1004-HV-C-L-06,0.923442569148,0.920956661599,1.0,0.90733192241,0.797086156966,0.949498526088,0.952993096239,0.96390194919,0.815744158527,0.852518132863,0.91795796979,0.905592291958,-1
1004-HV-C-L-06,0.947808224834,0.902742964273,1.0,0.925638265936,0.839170454185,0.939493723197,0.932932799646,0.955031883041,0.814438605127,0.85710239753,0.898680867121,0.904378541357,-1
1004-HV-C-L-06,0.929557171706,0.91573992545,1.0,0.911765404871,0.791937010777,0.951037707268,0.952054199003,0.964267294288,0.823899385012,0.855876573273,0.914860003507,0.905914315305,-1
1004-HV-C-L-06,0.917710215655,0.95884324553,1.0,0.916289854521,0.859844842331,0.942572947374,0.936477468433,0.950850971641,0.860600688623,0.883219807665,0.905956437229,0.898322683722,-1
1004-HV-C-L-06,0.926356729804,0.952901115576,1.0,0.900290966063,0.875912237848,0.931643300966,0.921295515761,0.940824951632,0.83622101409,0.894830278716,0.910518039414,0.906242292992,-1
1004-HV-C-L-06,0.916555284518,0.95776464074,1.0,0.917086602025,0.85397235261,0.94373586788,0.938348140931,0.952620719245,0.860230996715,0.884849841081,0.909239876415,0.90002037434,-1
1004-HV-C-L-06,0.919899317498,0.959653898772,1.0,0.915689381342,0.861595464422,0.944387254316,0.938038764745,0.951205803564,0.858359134594,0.888450529507,0.910354224516,0.899017654502,-1
1004-HV-C-L-06,0.912360052725,0.962334306827,1.0,0.920987462376,0.86628041305,0.941144506408,0.93383904654,0.948215106033,0.853948859592,0.889758699954,0.909869264577,0.901447685671,-1
1004-HV-C-L-06,0.91716049862,0.95535789471,1.0,0.911366021229,0.856211321079,0.939354474269,0.935327801103,0.948936212073,0.853976961536,0.879599889233,0.908789042026,0.90080694358,-1
1004-HV-C-L-06,0.906333220255,0.959211605006,1.0,0.918217716202,0.858011386113,0.938038702907,0.934441892684,0.946050017999,0.844556427124,0.885645141496,0.914063862134,0.903156622871,-1
1004-HV-C-L-06,0.924015155703,0.949255117456,1.0,0.897837833946,0.868766890908,0.93146416503,0.925305478864,0.940847425361,0.829630557594,0.891817114193,0.915785394846,0.908116325092,-1
1004-HV-C-L-06,0.914211166122,0.956079191396,1.0,0.913245881136,0.850714000303,0.941896365783,0.93786888603,0.950145795945,0.856325421059,0.880241137557,0.910242957549,0.901773347374,-1
1004-HV-C-L-06,0.918074094985,0.950084634403,1.0,0.899935484851,0.859532200355,0.931925518823,0.926755093789,0.941638752909,0.834780775253,0.883249317959,0.911604501924,0.903118914973,-1
1004-HV-C-L-06,0.896124561784,0.964122881055,1.0,0.917942958797,0.862364577758,0.935486635817,0.927655789606,0.938070367535,0.823513792642,0.891161056331,0.913170557389,0.900282544263,-1
1004-HV-C-L-06,0.889044711687,0.964614314598,1.0,0.920020783505,0.86187481384,0.93303792323,0.926682130434,0.935753085502,0.810241270586,0.892504598007,0.918819145402,0.903477485534,-1
1004-HV-C-L-06,0.881760920619,0.967175637789,1.0,0.927949235961,0.877821079046,0.927660263327,0.922338959527,0.930272620333,0.797782933796,0.904872239473,0.928708303894,0.914417368081,-1
1004-HV-C-L-06,0.896080762481,0.963780106773,1.0,0.914136035642,0.856705504122,0.936058166824,0.926626734062,0.93773021321,0.823434044216,0.88537217606,0.907569129763,0.896228461157,-1
1004-HV-C-L-06,0.897317867396,0.961967601226,1.0,0.913893034292,0.853562107791,0.936229989501,0.928792207507,0.939621864686,0.826470189709,0.882576465219,0.908600158783,0.896454296796,-1
1004-HV-C-L-06,0.908975818605,0.937568455523,1.0,0.909278905349,0.797748541265,0.947151614078,0.949315238556,0.959170562094,0.830565154507,0.86382104036,0.919576492721,0.907864128242,-1
1004-HV-C-L-06,0.911939648655,0.937906447157,1.0,0.906133818886,0.806498035595,0.946141727858,0.94716391408,0.957282661632,0.823962802353,0.860912522524,0.915462109233,0.901318542694,-1
1004-HV-C-L-06,0.912471078221,0.940611429881,1.0,0.906099447353,0.809927754757,0.947550849739,0.948537685835,0.956758472984,0.822992996392,0.864182695372,0.918040892332,0.899155876689,-1
1004-HV-C-L-06,0.914478988421,0.943883600949,1.0,0.911355744097,0.812340569307,0.950560588339,0.950979575577,0.959602635437,0.832460886191,0.871775544016,0.921693325492,0.903791088742,-1
1004-HV-C-L-06,0.905749012982,0.947393659661,1.0,0.913067033242,0.810899531847,0.950219519873,0.951615090719,0.956671086003,0.820455941961,0.871391828833,0.922911109193,0.895029185431,-1
1004-HV-C-L-06,0.901234120662,0.944522316325,1.0,0.915891073634,0.810309198583,0.947565597238,0.951571568627,0.956207196076,0.811643813778,0.862240123594,0.922826986855,0.895953023405,-1
1004-HV-C-L-06,0.95704868496,0.909946979757,1.0,0.923302980187,0.865146501113,0.932760361759,0.920448949855,0.94878295087,0.847948850875,0.866862749249,0.88638171481,0.901738917126,-1
1004-HV-C-L-06,0.951284032291,0.919927143959,1.0,0.913059561866,0.854930562417,0.935353765739,0.926162435945,0.952012158433,0.855116782195,0.858511432622,0.883797435405,0.899139040046,-1
1004-HV-C-L-06,0.959614941676,0.900807305145,1.0,0.928828413469,0.874753882425,0.925163157949,0.912762819768,0.943633370824,0.833160462253,0.876877007915,0.895633672499,0.910500233676,-1
1004-HV-C-L-06,0.957882378588,0.90754925955,1.0,0.923392764928,0.865354659607,0.93152653627,0.918789688547,0.947399623444,0.843998871212,0.868109206349,0.887841700163,0.902817578353,-1
1004-HV-C-L-06,0.955984543881,0.914666315419,1.0,0.918397553173,0.85941188534,0.935776158605,0.925346447839,0.950469230807,0.856583728503,0.863479362,0.883307952219,0.897572686773,-1
1004-HV-C-L-06,0.921118652826,0.922146537392,1.0,0.895820866306,0.806658613344,0.945430593148,0.944457617765,0.957495958029,0.789732643415,0.848357573498,0.905966332305,0.889147507942,-1
1004-HV-C-L-06,0.936483456601,0.914991084293,1.0,0.907467991043,0.821365993698,0.937915420742,0.931138654872,0.955965575018,0.828091318009,0.836760731582,0.882668343218,0.896585002633,-1
1004-HV-C-L-06,0.931836281416,0.920017730904,1.0,0.899801115995,0.828248037873,0.934390600895,0.928681914491,0.953338908014,0.81458819875,0.838761111105,0.888121596471,0.899139605843,-1
1004-HV-C-L-06,0.934542441073,0.917226259802,1.0,0.901924069129,0.823988619176,0.936536495047,0.929815409317,0.953877348251,0.816654990373,0.837316806968,0.885369349239,0.895373069167,-1
1004-HV-C-L-06,0.925981798267,0.927425729374,1.0,0.886334251141,0.845945658697,0.927803256235,0.921542133186,0.94538722987,0.788518847197,0.861786752311,0.902797759192,0.906498197006,-1
1004-HV-C-L-06,0.926042524747,0.930144565199,1.0,0.886334154565,0.84902024764,0.928273800872,0.921109936323,0.94432075282,0.788091566512,0.866379175839,0.905179236355,0.906662117478,-1
1004-HV-C-L-06,0.924613747901,0.91671145228,1.0,0.882324731573,0.829655883239,0.925407361708,0.918716239346,0.942463512118,0.783697278038,0.848365838535,0.892030166116,0.894776590646,-1
1004-HV-C-L-06,0.906222585488,0.92505741145,1.0,0.89699317901,0.786942332631,0.940210787891,0.943290757559,0.954661507991,0.804169697022,0.837338956663,0.907163327349,0.896838275525,-1
1004-HV-C-L-06,0.905877445872,0.924422398576,1.0,0.899969711767,0.779032402643,0.942396796423,0.946068795754,0.957391462227,0.808617980598,0.841145142801,0.910971075035,0.900869572218,-1
1004-HV-C-L-06,0.90710212349,0.926237812189,1.0,0.897011203427,0.787401544824,0.9404804896,0.942200020169,0.954997601003,0.804429515776,0.836579091577,0.905083673187,0.895630192779,-1
1004-HV-C-L-06,0.912239509907,0.92361040615,1.0,0.896472208031,0.798150299868,0.938672743669,0.940368037667,0.954988044295,0.803575267812,0.831732375794,0.901966616846,0.897243285426,-1
1004-HV-C-L-06,0.905632730145,0.927311014986,1.0,0.898114547584,0.787129700846,0.940203001906,0.942292088035,0.954833285711,0.80655654112,0.837297472858,0.906114033043,0.897999726791,-1
1004-HV-C-L-06,0.914216194807,0.942210515817,1.0,0.931833051958,0.824831444739,0.951294517338,0.955381871487,0.966617180905,0.831001527455,0.856017463726,0.922602807362,0.916781830187,-1
1004-HV-C-L-06,0.957563773605,0.933998660822,1.0,0.918642118564,0.881025747825,0.940983500058,0.933047566316,0.954866460353,0.86875734955,0.890753076596,0.91252712876,0.916882333507,-1
1004-HV-C-L-06,0.954887461169,0.939731414216,1.0,0.912096124271,0.889585210466,0.936696561005,0.92814877361,0.952018725956,0.859460043365,0.899002957304,0.918698443513,0.923802365524,-1
1004-HV-C-L-06,0.957357602874,0.934125187658,1.0,0.918595263159,0.879193414145,0.941990717721,0.935053221148,0.955610683597,0.867230953193,0.890465123641,0.914864743834,0.918875344243,-1
1004-HV-C-L-06,0.952149390266,0.94214537001,1.0,0.910292513905,0.89449393445,0.934398090902,0.927444745046,0.950808577798,0.856459126195,0.903797760827,0.924514232904,0.928305666105,-1
1004-HV-C-L-06,0.945392553852,0.947361978982,1.0,0.89878184518,0.901634185896,0.928760745734,0.919141182457,0.945392553852,0.842342032802,0.907509643678,0.925083010981,0.92931195887,-1
1004-HV-C-L-06,0.896899669395,0.941815047414,1.0,0.91930449334,0.813684233132,0.942455940282,0.949251274816,0.955346058174,0.806531635837,0.858215094278,0.924609233603,0.901820956319,-1
1004-HV-C-L-06,0.919473038987,0.943815304107,1.0,0.924646600013,0.834512686208,0.948164983505,0.949412182151,0.963332655755,0.851129603112,0.866875729689,0.918278908217,0.92035773729,-1
1004-HV-C-L-06,0.908957834757,0.938646045815,1.0,0.92249664144,0.812774676016,0.947980438747,0.953680086677,0.96231239756,0.824401304437,0.860487272979,0.924808603106,0.909152304047,-1
1004-HV-C-L-06,0.918982511607,0.934347386273,1.0,0.908961785045,0.81980909318,0.944763305089,0.945592236337,0.959067371081,0.828290945966,0.85492757337,0.910813811357,0.904330289666,-1
1004-HV-C-L-06,0.940688443792,0.948086322294,1.0,0.918894333847,0.87661679825,0.946227512874,0.944812227374,0.961011683855,0.853737705308,0.887919877681,0.926748026472,0.930138397389,-1
1004-HV-C-L-06,0.938744734284,0.942507937914,1.0,0.919087264482,0.868590645023,0.944548857239,0.942405995548,0.962283270359,0.853875332931,0.872423499156,0.916411758676,0.928691990244,-1
1004-HV-C-L-06,0.932847358806,0.940735019233,1.0,0.937159661905,0.834940166323,0.956030728657,0.958429698614,0.974434151649,0.87214564026,0.875891601617,0.928677366126,0.942704593037,-1
1004-HV-C-L-06,0.934180593047,0.946345689897,1.0,0.942220517578,0.849724170371,0.955950551807,0.957631499661,0.974693127455,0.875982625394,0.877210611303,0.927991588485,0.944808503449,-1
1004-HV-C-L-06,0.932845552849,0.934207355596,1.0,0.933552862665,0.822812816171,0.95586724351,0.958257338212,0.974816345765,0.870803527379,0.871402049961,0.926975804751,0.943238079497,-1
1004-HV-C-L-06,0.943857999034,0.912496844559,1.0,0.936833233924,0.848655005312,0.941024264055,0.940359650541,0.963478862568,0.832962871909,0.847605374666,0.906117169438,0.92620689927,-1
1004-HV-C-L-06,0.933207049848,0.929468791632,1.0,0.926316172279,0.824008412975,0.951693115601,0.952881539804,0.970470125907,0.859083477933,0.86188384838,0.919486176048,0.933425536438,-1
1004-HV-C-L-06,0.882378843516,0.962189322167,1.0,0.919691805736,0.860476620993,0.926940734278,0.922730440934,0.932298495409,0.802800990512,0.894192768512,0.921366706795,0.902876680536,-1
1004-HV-C-L-06,0.885439941564,0.965208006806,1.0,0.927965544034,0.87052600541,0.930998463695,0.928190665055,0.936263096609,0.80468304786,0.903138989404,0.930687620203,0.912202631126,-1
1004-HV-C-L-06,0.881597765513,0.962481118969,1.0,0.925333959602,0.866443135776,0.92763459065,0.925285826772,0.933806277387,0.798143759042,0.898670872553,0.927948056636,0.910179787032,-1
1004-HV-C-L-06,0.883468504743,0.961922239555,1.0,0.923216045501,0.864972778998,0.927442216116,0.923515622948,0.933733739293,0.801738354739,0.895781595609,0.923002141203,0.906566704462,-1
1004-HV-C-L-06,0.885455434536,0.960077452112,1.0,0.920707363736,0.857805525627,0.929947534694,0.926399742515,0.936125924686,0.803460624688,0.890825322377,0.921517174201,0.903897426302,-1
1004-HV-C-L-06,0.901087348194,0.969465970717,1.0,0.937774577817,0.888269923303,0.937176284206,0.931753626919,0.944912939292,0.831107705201,0.909849310928,0.932103180331,0.922351954628,-1
1004-HV-C-L-06,0.893221023634,0.971075731408,1.0,0.943308318667,0.893563893576,0.935347751458,0.933975932038,0.943308318667,0.816268107423,0.918466079231,0.943653557063,0.929444905607,-1
1004-HV-C-L-06,0.899145868212,0.96963244558,1.0,0.939587792522,0.887377285707,0.938428326664,0.936057899561,0.945900604751,0.825810827644,0.913185875617,0.938695968132,0.925473909941,-1
1004-HV-C-L-06,0.899709657849,0.969648043155,1.0,0.94098639807,0.889212069868,0.937875210247,0.934959274549,0.946578166755,0.827522135512,0.913202888441,0.937951075309,0.926912862144,-1
1004-HV-C-L-06,0.908411555956,0.969851282275,1.0,0.93655651742,0.885002695266,0.942464176682,0.937399506354,0.949471077886,0.843472083926,0.908484318315,0.931274666276,0.921674652857,-1
1004-HV-C-L-06,0.913165137178,0.948178256824,1.0,0.885074947484,0.852797659308,0.925414420834,0.913267633253,0.932205553776,0.811098413321,0.879737749662,0.898627920922,0.888280618039,-1
1004-HV-C-L-06,0.894935435873,0.947970772359,1.0,0.89782227545,0.818712614011,0.932423154667,0.927336412228,0.940783204332,0.824799087662,0.860028656097,0.893133359909,0.874846219318,-1
1004-HV-C-L-06,0.900594311023,0.949769673086,1.0,0.894279735814,0.827696643174,0.931453086206,0.923675743111,0.93900759745,0.824340758871,0.860951684883,0.889441099556,0.874348188026,-1
1004-HV-C-L-06,0.905753417421,0.947791084407,1.0,0.893318280389,0.8367475265,0.929918910768,0.921668509177,0.938412035778,0.821453135137,0.866168275172,0.891911087133,0.879197588031,-1
1004-HV-C-L-06,0.899863338532,0.952007955787,1.0,0.896380108796,0.832181838345,0.930878239526,0.922456957823,0.938170279876,0.828570789075,0.864166333872,0.888438229084,0.873831814354,-1
1004-HV-C-L-06,0.902365039998,0.962456094364,1.0,0.936263739187,0.874187178801,0.939732359147,0.941750223002,0.950538528459,0.824353138475,0.898238951651,0.936410887315,0.927119179337,-1
1004-HV-C-L-06,0.92397698815,0.963858214285,1.0,0.930624801016,0.870007632634,0.951075635067,0.949238192991,0.959427528852,0.867138920577,0.890869722533,0.924362655866,0.919870611396,-1
1004-HV-C-L-06,0.914364906057,0.967244244002,1.0,0.935123487991,0.87963154391,0.946301135691,0.944668488038,0.953844168306,0.850828965046,0.901099433882,0.932458307817,0.92448409608,-1
1004-HV-C-L-06,0.914974252211,0.963683026205,1.0,0.930404918156,0.869481173301,0.947180508381,0.94654935251,0.954662679509,0.849664588701,0.894483195966,0.930080328607,0.919745140889,-1
1004-HV-C-L-06,0.926657724695,0.961218651794,1.0,0.923655764501,0.86418085644,0.952093425804,0.949944529598,0.958774147803,0.864712616067,0.887308962999,0.923035339803,0.916248372942,-1
1004-HV-C-L-06,0.92235652237,0.963229989278,1.0,0.929929287636,0.868540952784,0.950706756522,0.949313600147,0.958614230795,0.863688094884,0.889533142118,0.925841282278,0.920272123363,-1
1004-HV-C-L-06,0.920507274833,0.932254950419,1.0,0.884272878333,0.842389267459,0.924664158887,0.918702533529,0.941631739611,0.794448689335,0.861192791913,0.902075756927,0.902885630651,-1
1004-HV-C-L-06,0.941848673975,0.912422770157,1.0,0.898273743341,0.830520709622,0.932350680801,0.922974492483,0.947433673219,0.816761598122,0.845629852442,0.88541033184,0.891797197076,-1
1004-HV-C-L-06,0.948307297333,0.908408472137,1.0,0.898690478698,0.830085294739,0.933639815093,0.921566428972,0.945389695207,0.820259020203,0.848707758625,0.881110529119,0.884220590666,-1
1004-HV-C-L-06,0.934802772244,0.921356629662,1.0,0.883492726632,0.845427656709,0.92475073348,0.916385318059,0.940723389117,0.791946362518,0.864249671619,0.901910665627,0.901497576177,-1
1004-HV-C-L-06,0.943347777092,0.906702971408,1.0,0.899385069792,0.821552478185,0.93290199442,0.924065138329,0.947395884656,0.821408748909,0.84086154496,0.879867012859,0.883069320584,-1
1004-HV-C-L-06,0.905201915909,0.92077375397,1.0,0.906059903401,0.759831756367,0.94598583992,0.953939237839,0.96292040512,0.816567156331,0.852935120363,0.92686250017,0.913330356661,-1
1004-HV-C-L-06,0.909849898799,0.929005463907,1.0,0.920812704659,0.793133831786,0.94566131069,0.952737701251,0.965491009233,0.827215205191,0.850624806106,0.923473895311,0.921666296516,-1
1004-HV-C-L-06,0.911926008485,0.929993537366,1.0,0.919188543736,0.796714416135,0.945969666946,0.953228661876,0.964988232919,0.832384264186,0.855181087565,0.92555019217,0.922656150559,-1
1004-HV-C-L-06,0.910022111348,0.932241209144,1.0,0.921232166787,0.794696083182,0.947723588798,0.955429233561,0.965478674562,0.827218877731,0.855593980529,0.929066114026,0.921470186375,-1
1004-HV-C-L-06,0.906366004226,0.936032825117,1.0,0.929719508974,0.812183172434,0.944381157347,0.953256753251,0.964962440879,0.821020466039,0.847956226014,0.925594952081,0.920924897033,-1
1004-HV-C-L-06,0.898559575193,0.952433293605,1.0,0.906677945337,0.811140264152,0.94733028781,0.945671687793,0.949874816744,0.808383561505,0.87069299244,0.912942335486,0.874114151508,-1
1004-HV-C-L-06,0.900852008749,0.95690765405,1.0,0.913488179431,0.823011137387,0.949700185422,0.948378116707,0.951536649808,0.810377518108,0.881012236452,0.921597609544,0.882987530874,-1
1004-HV-C-L-06,0.902113495211,0.952939543199,1.0,0.906829729498,0.811528955828,0.949131128213,0.947924332261,0.951610009008,0.813052569294,0.87232758243,0.915318038163,0.876745301629,-1
1004-HV-C-L-06,0.906566489928,0.953117675383,1.0,0.906672696645,0.808999430288,0.951643625473,0.949526118758,0.954346222364,0.821261618486,0.877359868719,0.918269984229,0.882427057172,-1
1004-HV-C-L-06,0.902359386416,0.953703679942,1.0,0.908283358357,0.811984566826,0.949434179002,0.948097821726,0.952369499596,0.816050714729,0.874327697155,0.916606135377,0.878671483343,-1
1004-HV-C-L-06,0.897182407778,0.953700929054,1.0,0.931630579644,0.860292696933,0.932835962796,0.934578521334,0.949683523851,0.820062409825,0.878049849039,0.922209798701,0.919481571126,-1
1004-HV-C-L-06,0.898858921444,0.951846728164,1.0,0.92749038709,0.851613487818,0.934574341931,0.93743227139,0.950577041353,0.82109792491,0.873221290878,0.920424988987,0.914631682871,-1
1004-HV-C-L-06,0.950952828557,0.951709411393,1.0,0.929647136101,0.9011350542,0.94639023508,0.944914339603,0.965097750783,0.881478922486,0.90076804015,0.929766729324,0.942999085404,-1
1004-HV-C-L-06,0.947509543536,0.954401704417,1.0,0.935667787086,0.891597230355,0.95144530002,0.951311240836,0.968849253277,0.890920470322,0.892449300074,0.926927722935,0.940036053755,-1
1004-HV-C-L-06,0.942894080104,0.953980683212,1.0,0.936184936174,0.881970457846,0.952062730926,0.952328291764,0.969124527161,0.890803387147,0.892550497457,0.927765755411,0.939778750974,-1
1004-HV-C-L-06,0.901665261496,0.929940422899,1.0,0.882209467043,0.79047078048,0.93746808348,0.940377747258,0.944719398645,0.780095818409,0.851808726145,0.912535782269,0.875881747982,-1
1004-HV-C-L-06,0.90684294144,0.931361350213,1.0,0.884254184913,0.805008432982,0.937058785887,0.938209972047,0.94470253335,0.784288202942,0.859827574797,0.914008570401,0.881195238293,-1
1004-HV-C-L-06,0.900392459322,0.932307133775,1.0,0.892854813936,0.780848174327,0.94357650125,0.948532398072,0.951301028652,0.797368743302,0.857461869968,0.921095780813,0.88297312557,-1
1004-HV-C-L-06,0.902582523099,0.931590367686,1.0,0.853505826788,0.831334693921,0.909536227354,0.899528743526,0.91538809571,0.750311884481,0.865996523919,0.901040558373,0.883877350115,-1
1004-HV-C-L-06,0.902578893197,0.93476690385,1.0,0.871552731209,0.814906922679,0.92583422331,0.922522771397,0.932393608272,0.77226462426,0.858725696662,0.906733447096,0.882877381529,-1
1004-HV-C-L-06,0.898898347742,0.937680065216,1.0,0.891364118918,0.797623507388,0.936719317226,0.935864689603,0.945728543221,0.799083048956,0.844570499997,0.898607724309,0.875316792303,-1
1004-HV-C-L-06,0.904580800381,0.93459586776,1.0,0.885106301405,0.808452700936,0.933896820236,0.932337278883,0.942765756475,0.786051161411,0.852837764414,0.902454472303,0.879344683978,-1
1004-HV-C-L-06,0.900322471393,0.938596317521,1.0,0.889246621828,0.80048625151,0.93721404086,0.935823742314,0.944667356989,0.793603181019,0.849701311798,0.900706002563,0.873974166211,-1
1004-HV-C-L-06,0.902448224117,0.936639730272,1.0,0.883917772258,0.804115941581,0.935490345939,0.934235113294,0.94219015291,0.782502434897,0.854743233594,0.905591639414,0.876427933375,-1
1004-HV-C-L-06,0.897959648783,0.938976363553,1.0,0.885927767577,0.796045845128,0.937759284403,0.936551613987,0.942928494554,0.786052235104,0.851602594535,0.903485226683,0.869727809122,-1
1004-HV-C-L-06,0.92697278811,0.952820961489,1.0,0.932709297664,0.848180128761,0.954763834934,0.953001905234,0.967632350511,0.86426699517,0.878863007202,0.920072336915,0.923658767979,-1
1004-HV-C-L-06,0.926025157017,0.953459862105,1.0,0.936245243971,0.851974738552,0.954410163702,0.9535771573,0.968138897236,0.861849668278,0.877231753433,0.921346018571,0.925061353215,-1
1004-HV-C-L-06,0.927248080965,0.951715004716,1.0,0.935984104351,0.849599308355,0.954989190961,0.95456368561,0.969034189895,0.863401939917,0.878017095435,0.922871815409,0.926248031631,-1
1004-HV-C-L-06,0.937123262966,0.949589112118,1.0,0.929136707945,0.862351698137,0.954009665784,0.950244822133,0.967630166739,0.868733993391,0.876307312947,0.913952674211,0.924269531353,-1
1004-HV-C-L-06,0.940503526971,0.947546962301,1.0,0.928119520212,0.865749994909,0.953761610784,0.950294591527,0.968144246817,0.865803371343,0.874642398775,0.914893571116,0.924162980942,-1
1004-HV-C-L-06,0.936325701379,0.9502645285,1.0,0.930435169753,0.85727309822,0.955598649103,0.952688914093,0.968965263595,0.871048926861,0.880692425453,0.919674661972,0.927072237476,-1
1004-HV-C-L-06,0.919949490386,0.94872769802,1.0,0.894266428918,0.837906599051,0.945201193968,0.940217505334,0.947783030038,0.798932905709,0.887529515472,0.920549541661,0.890355811917,-1
1004-HV-C-L-06,0.900721695531,0.948640015998,1.0,0.907217188363,0.81366878442,0.944235949479,0.943462434121,0.950564803678,0.816436942684,0.864012492459,0.911505236923,0.883493888258,-1
1004-HV-C-L-06,0.901790036353,0.94595587064,1.0,0.902345428127,0.799680942417,0.946724207061,0.946928509058,0.952123117644,0.817017199099,0.867212075471,0.916312050388,0.885980965174,-1
1004-HV-C-L-06,0.964166702827,0.933825552554,1.0,0.968151644335,0.911069015212,0.953711310443,0.951507892342,0.976301315641,0.868857318676,0.901073856174,0.93850095493,0.961990518779,-1
1004-HV-C-L-06,0.942129011082,0.946552983047,1.0,0.938882534486,0.855416172182,0.959391270984,0.959461054222,0.975537179899,0.883033074421,0.885030182655,0.930699972929,0.943876808754,-1
1004-HV-C-L-06,0.905625969196,0.956536110351,1.0,0.968851727141,0.873040607048,0.958510121836,0.977266257189,0.976846234107,0.796871423469,0.908332820367,0.973388171632,0.953157508885,-1
1004-HV-C-L-06,0.907245523161,0.960425977144,1.0,0.972565584788,0.886598879496,0.957972567221,0.976192224791,0.977560496589,0.800428742221,0.915724365668,0.97468680475,0.959158589328,-1
1004-HV-C-L-06,0.906276272257,0.961793241089,1.0,0.972811724097,0.889283851695,0.958079173269,0.976533913413,0.976984508515,0.798211048353,0.918841222373,0.975954590037,0.959617467545,-1
1004-HV-C-L-06,0.940547064136,0.93687558514,1.0,0.924269046355,0.855015169804,0.948669033159,0.947334138946,0.967027777119,0.85814798416,0.861938046434,0.912150658855,0.925968986801,-1
1004-HV-C-L-06,0.900664860982,0.934911899865,1.0,0.906601583579,0.802112294193,0.938519192466,0.938807803521,0.953116113801,0.817893843388,0.845951677964,0.900414524787,0.894535902048,-1
1004-HV-C-L-06,0.900490543158,0.936364796728,1.0,0.902051424902,0.793589456821,0.941196749543,0.941572602416,0.952779497809,0.816353372096,0.852140606924,0.906550720583,0.892731791294,-1
1004-HV-C-L-06,0.922301184442,0.953881704804,1.0,0.93396442955,0.8642290495,0.944757730439,0.942595716777,0.962209253233,0.864034154724,0.867923693588,0.908792595026,0.922694832362,-1
1004-HV-C-L-06,0.904589417629,0.953853839668,1.0,0.932320805376,0.861915820966,0.935868066639,0.934364960098,0.953236414058,0.831099224812,0.873570089507,0.914411247458,0.919706135179,-1
1004-HV-C-L-06,0.906658320414,0.950182868948,1.0,0.931302842033,0.854778042989,0.937052439535,0.93653811069,0.955844775546,0.832686086037,0.86697545321,0.912347340759,0.918921420093,-1
1004-HV-C-L-06,0.956003368545,0.928271863831,1.0,0.922674039131,0.869947077004,0.940721208248,0.934260562381,0.95735238453,0.875729550126,0.877209692043,0.90299924004,0.918664163805,-1
1004-HV-C-L-06,0.966891712426,0.900565074549,1.0,0.940326268636,0.896733238126,0.92246467305,0.912564798711,0.942540533644,0.840625316454,0.896879994632,0.91592466888,0.929186704934,-1
1004-HV-C-L-06,0.970080475818,0.889551560625,1.0,0.94713156937,0.908409155192,0.928680029297,0.91902390509,0.94713156937,0.855458827831,0.889804117075,0.908022621678,0.922422052501,-1
1004-HV-C-L-06,0.946181483292,0.931291627291,1.0,0.907913733946,0.875069689303,0.930176535071,0.924562381198,0.949354984758,0.851005388029,0.878815424512,0.904654399041,0.918650810599,-1
1004-HV-C-L-06,0.955689575753,0.914047998548,1.0,0.926076254777,0.864883661063,0.934410640231,0.927794726656,0.952974644615,0.858371378727,0.866864475615,0.895757081398,0.912805228527,-1
1004-HV-C-L-06,0.919131767352,0.925518286776,1.0,0.890603460445,0.827088202948,0.931536904836,0.931663730194,0.948836892783,0.799711566793,0.852114543925,0.905497494047,0.902166089855,-1
1004-HV-C-L-06,0.924170590623,0.934507622776,1.0,0.903377608016,0.842100671904,0.936399818146,0.935852048161,0.953598162797,0.827024580094,0.858089376051,0.906541382377,0.90926013687,-1
1004-HV-C-L-06,0.90651567555,0.943862346469,1.0,0.917632768931,0.828578407604,0.939760171798,0.941221929526,0.955081242417,0.831243307219,0.854248783094,0.907943648176,0.904554950233,-1
1004-HV-C-L-06,0.912677644207,0.936652938322,1.0,0.910197965343,0.816980504256,0.941319635323,0.94250419616,0.95715360711,0.836906600611,0.855741321189,0.90758234897,0.908306681052,-1
1004-HV-C-L-06,0.915354738762,0.932671458553,1.0,0.904082677921,0.824025271468,0.937369435253,0.937524648124,0.953862995827,0.824364815035,0.844561700954,0.897911435548,0.899647183581,-1
1004-HV-C-L-06,0.890808047919,0.959889037862,1.0,0.912601734428,0.842582124785,0.936834831222,0.933071457504,0.939376724445,0.810434343393,0.887441640543,0.919198205639,0.892441975825,-1
1004-HV-C-L-06,0.89650542609,0.958866080902,1.0,0.904475456274,0.827563119783,0.942710810927,0.937392795535,0.942667299835,0.81760339261,0.878805710485,0.912633568819,0.881301828137,-1
1004-HV-C-L-06,0.902351405495,0.953406205748,1.0,0.896179687281,0.826631109359,0.940030361588,0.934039122095,0.941524067088,0.81727161974,0.873319089233,0.906491230079,0.879660769749,-1
1004-HV-C-L-06,0.899422994091,0.952379068196,1.0,0.893097501718,0.817309446779,0.940175534127,0.934318405475,0.941146747811,0.812925337958,0.866231498736,0.903374570921,0.873879013279,-1
1004-HV-C-L-06,0.905358180006,0.944730076892,1.0,0.882566405484,0.828018713299,0.933122301948,0.926519490843,0.935375939286,0.791574355889,0.872001814836,0.907147391586,0.881370351707,-1
1004-HV-C-L-06,0.915199409754,0.940723763652,1.0,0.910832225843,0.816268632684,0.945369703172,0.944179932242,0.958844915869,0.834013409871,0.856348569761,0.907921570255,0.906396184172,-1
1004-HV-C-L-06,0.91170564939,0.943135347945,1.0,0.912801415096,0.817116840538,0.944807415345,0.942827353314,0.957901304577,0.836557960354,0.857918386183,0.906372929829,0.905352411319,-1
1004-HV-C-L-06,0.90953723336,0.946379398784,1.0,0.91643465411,0.825719531289,0.943291814991,0.941839809867,0.9566242136,0.834475886796,0.855210471841,0.905324157809,0.903682977973,-1
1004-HV-C-L-06,0.912730235397,0.943246330442,1.0,0.908620976468,0.819892648652,0.943596271859,0.940362432387,0.955722929611,0.832026220145,0.854136304372,0.902149943368,0.900165073677,-1
1004-HV-C-L-06,0.909916600978,0.950046789201,1.0,0.916993802563,0.832429702667,0.943821233824,0.940076358065,0.955377053547,0.835709883284,0.85725185134,0.902132317994,0.900537433288,-1
1004-HV-C-L-06,0.905023810415,0.95438645335,1.0,0.903407287157,0.807068822044,0.954620439233,0.953779108819,0.952449324652,0.813851246345,0.885075765296,0.925795422546,0.87543147756,-1
1004-HV-C-L-06,0.907920088691,0.951720936534,1.0,0.896248163363,0.811671822814,0.952009718132,0.951821312099,0.949272275353,0.799061668407,0.884747937159,0.92821042654,0.875987520214,-1
1004-HV-C-L-06,0.907463870056,0.955588741494,1.0,0.895635493521,0.82013385893,0.952457808402,0.948096946159,0.946307362377,0.797883136915,0.894737352872,0.924918423361,0.870763356091,-1
1004-HV-C-L-06,0.90312935785,0.955977285907,1.0,0.899373066472,0.811500209439,0.953834912977,0.950811905958,0.948287498679,0.805914559218,0.889076728405,0.921615387074,0.86526169096,-1
1004-HV-C-L-06,0.902451286173,0.95690861874,1.0,0.899939835074,0.809301355731,0.954821354261,0.951740360888,0.948815889954,0.806665909259,0.889227970041,0.922227036168,0.86367625878,-1
1004-HV-C-L-06,0.915177689633,0.933386168245,1.0,0.881549506527,0.833163583194,0.927006116725,0.922004394178,0.939777869168,0.786150565312,0.863021669628,0.904638297202,0.895487873312,-1
1004-HV-C-L-06,0.912081518201,0.931540685759,1.0,0.877371996283,0.824752895304,0.927422470171,0.923863712516,0.938479623206,0.777207019533,0.859870752169,0.905252258617,0.889942823316,-1
1004-HV-C-L-06,0.91457054556,0.930524449601,1.0,0.876226897717,0.828725641313,0.926565395282,0.922515597666,0.938263563306,0.773783325967,0.863168587624,0.907459749804,0.893715624605,-1
1004-HV-C-L-06,0.911907563765,0.931332015163,1.0,0.877500433552,0.824990186025,0.926859170507,0.923101090664,0.938338970821,0.778239604245,0.859064126561,0.904257711153,0.891533564956,-1
1004-HV-C-L-06,0.903158988479,0.940632602534,1.0,0.890621825925,0.810437691944,0.93514877682,0.932031581182,0.94412236734,0.801753799057,0.851172537212,0.898276945265,0.879807865252,-1
1004-HV-C-L-06,0.893229524924,0.946138982635,1.0,0.917403019359,0.810242427361,0.945268455455,0.951977763812,0.953525338988,0.794484788216,0.870665471513,0.931482948348,0.894928142364,-1
1004-HV-C-L-06,0.889198423641,0.948151989847,1.0,0.912076041738,0.81853686047,0.940590788027,0.945502264699,0.946313542241,0.792563368518,0.875928395486,0.927363119791,0.890177074649,-1
1004-HV-C-L-06,0.891662596381,0.945147248369,1.0,0.907781929839,0.80511831586,0.9432482759,0.948306780982,0.948734708795,0.794404004306,0.86867100374,0.926215853869,0.884815558964,-1
1004-HV-C-L-06,0.893802326243,0.941789748112,1.0,0.903134579674,0.794823676373,0.943220505136,0.947682928969,0.94986320973,0.797563754484,0.86128542344,0.919966643486,0.880035131948,-1
1004-HV-C-L-06,0.891481010661,0.94679501375,1.0,0.913536492531,0.81125952624,0.943238763518,0.949047443397,0.950286590585,0.792901764738,0.871251043817,0.92984515474,0.891536644517,-1
1004-HV-C-L-06,0.943315334557,0.941416434183,1.0,0.856323405471,0.902982956349,0.937115323269,0.919802173487,0.941416434183,0.835107813589,0.87903418659,0.888057156268,0.884015417369,-1
1004-HV-C-L-06,0.930512662504,0.952218252897,1.0,0.908700035256,0.877267516521,0.935999063933,0.93174024145,0.948308782779,0.848056057957,0.891776815996,0.91790229317,0.917052022726,-1
1004-HV-C-L-06,0.919120828416,0.956856301526,1.0,0.920739160982,0.855898877111,0.943897631588,0.941191757576,0.955513525014,0.865249124139,0.882543704158,0.91283938025,0.911258647775,-1
1004-HV-C-L-06,0.915627770297,0.958394256299,1.0,0.924890974002,0.863772773617,0.941240428276,0.939003711674,0.953481281514,0.859291024456,0.880794120415,0.911260219364,0.910815981431,-1
1004-HV-C-L-06,0.926020469129,0.956526130568,1.0,0.919393857745,0.866365739982,0.943685336528,0.940329815066,0.955376678192,0.865256944656,0.882160490679,0.911920783857,0.911503638282,-1
1004-HV-C-L-06,0.936913359891,0.953499928915,1.0,0.912381010897,0.88134730355,0.944005972453,0.938625283325,0.953413720904,0.844310016919,0.89811606996,0.926130535018,0.924134251526,-1
1004-HV-C-L-06,0.937411295964,0.9482892987,1.0,0.903520451032,0.881819702358,0.940179693139,0.933916551132,0.948904089291,0.824877348002,0.901707094385,0.928184644588,0.922480942563,-1
1004-HV-C-L-06,0.927500806359,0.953504187118,1.0,0.917545371968,0.859771529231,0.949428121671,0.946381559728,0.957370325644,0.850336186414,0.885276203089,0.920040826998,0.910759331571,-1
1004-HV-C-L-06,0.920852169334,0.960501921967,1.0,0.923536601682,0.858270991594,0.952089607901,0.947833266821,0.957299411247,0.857693851119,0.886788687966,0.917621790432,0.905698543039,-1
1004-HV-C-L-06,0.920534413807,0.954004095828,1.0,0.913348594437,0.850128504413,0.94773507308,0.944634599507,0.954055274417,0.843781031137,0.881821264189,0.9161551782,0.901816853565,-1
1004-HV-C-L-06,0.905538205829,0.938944240123,1.0,0.906315567376,0.818397429078,0.934896113367,0.93481702341,0.951269414598,0.833526211177,0.854158838033,0.902680790099,0.898668929557,-1
1004-HV-C-L-06,0.909342559291,0.937768831287,1.0,0.898744395593,0.829758356838,0.930460767567,0.928679151398,0.946079150892,0.823487950849,0.852487292091,0.897230745294,0.890704611082,-1
1004-HV-C-L-06,0.914292106733,0.933845320376,1.0,0.892780758845,0.837651312119,0.925995882818,0.923277091185,0.943396307066,0.81389235351,0.85701623491,0.900450730898,0.896898636649,-1
1004-HV-C-L-06,0.907800431891,0.940512429461,1.0,0.903375300941,0.825650873914,0.933258292539,0.93188873707,0.948902780749,0.832581698834,0.853915502366,0.898636375367,0.893997617979,-1
1004-HV-C-L-06,0.911250331311,0.934502528962,1.0,0.898053874141,0.830013966228,0.92909711243,0.927103691018,0.946773951404,0.822921932254,0.849519461515,0.894878202415,0.893055020274,-1
1004-HV-C-L-06,0.910873312675,0.950900839842,1.0,0.894056371561,0.841463722658,0.936418087812,0.927245027768,0.940440101129,0.809970747183,0.873577920402,0.901130349716,0.887121988688,-1
1004-HV-C-L-06,0.907388058285,0.952802303227,1.0,0.899317013312,0.830045560112,0.941703087449,0.93491134866,0.945135608691,0.817443513307,0.869026837637,0.902925737563,0.883299782081,-1
1004-HV-C-L-06,0.908103790446,0.953305452951,1.0,0.898427408265,0.832633275761,0.941165082394,0.934031373329,0.944229438573,0.816424480396,0.871761904237,0.904782368113,0.883854747254,-1
1004-HV-C-L-06,0.911305693126,0.950672658713,1.0,0.896286460933,0.834922264153,0.940112779825,0.93306474641,0.944275947245,0.811130733455,0.873004401535,0.906182440317,0.887435330996,-1
1004-HV-C-L-06,0.900029752606,0.955499785335,1.0,0.906405161654,0.826141306699,0.943145757506,0.937972225014,0.946182161118,0.819008771279,0.869990619526,0.905927739205,0.881429807996,-1
1004-HV-C-L-06,0.907465079042,0.946171442187,1.0,0.949918804492,0.851044210831,0.945583227021,0.957903595142,0.968888356111,0.818069513258,0.86704301717,0.941904049141,0.943731491609,-1
1004-HV-C-L-06,0.906414874759,0.945839043157,1.0,0.951907079573,0.853482456958,0.944616887886,0.95774646895,0.96928161715,0.815045525277,0.867539001226,0.943329569095,0.94634368724,-1
1004-HV-C-L-06,0.909007601016,0.941516167032,1.0,0.948344693444,0.84085011609,0.946706394942,0.958692944743,0.970466580633,0.820140827404,0.856614579203,0.937431439915,0.941213572701,-1
1004-HV-C-L-06,0.910739017725,0.944443371607,1.0,0.949505517826,0.849756626242,0.946915248512,0.957976459613,0.970000759663,0.823613312311,0.86327852378,0.93811406189,0.942750521996,-1
1004-HV-C-L-06,0.906240646993,0.94339252367,1.0,0.95002222048,0.846784301024,0.945209676411,0.958176494633,0.969416422052,0.814654939063,0.863135967837,0.940876123417,0.942771919938,-1
1004-HV-C-L-06,0.918092297946,0.917336738237,1.0,0.925813262471,0.777492512228,0.951826717824,0.9584013718,0.972439050186,0.835376102939,0.85235634005,0.926029006476,0.930483580712,-1
1004-HV-C-L-06,0.924482476751,0.900841326274,1.0,0.924117080569,0.787484510446,0.942356112155,0.946331318251,0.964593406038,0.802496764792,0.823742649193,0.903694272356,0.908519217333,-1
1004-HV-C-L-06,0.92439787539,0.898707652234,1.0,0.927580317046,0.79361616749,0.939922111997,0.944391158975,0.964456713389,0.798625485978,0.817590054353,0.900248688355,0.908249301817,-1
1004-HV-C-L-06,0.920918250021,0.903481415927,1.0,0.925495383262,0.781623440851,0.944467964223,0.950802730577,0.967070274655,0.806402042648,0.828898213853,0.911442029721,0.914224165409,-1
1004-HV-C-L-06,0.923431983955,0.901626338136,1.0,0.927474767093,0.789380428976,0.942753607348,0.947907477536,0.966125784494,0.803496140751,0.82329405316,0.906104204899,0.912041273132,-1
1004-HV-C-L-06,0.899650484776,0.960580411941,1.0,0.938424970538,0.868829635695,0.942406430788,0.944328086381,0.952893137187,0.812513506384,0.898694989382,0.937938380541,0.923402252466,-1
1004-HV-C-L-06,0.894038864581,0.958890988925,1.0,0.939828644296,0.86462984911,0.941866668031,0.947631876111,0.952900804733,0.799792357887,0.898962974695,0.943868493497,0.924795293012,-1
1004-HV-C-L-06,0.893967176167,0.9606661919,1.0,0.939801678958,0.868560647902,0.942226278972,0.947179468899,0.951437694509,0.799924066573,0.903839296927,0.944769731987,0.923712597134,-1
1004-HV-C-L-06,0.900543255787,0.9574133937,1.0,0.932225148143,0.850812050542,0.946781974037,0.950763911526,0.954817623477,0.811129358871,0.893524128666,0.939582035219,0.914154609901,-1
1004-HV-C-L-06,0.89516496686,0.952607859401,1.0,0.932235742921,0.840851183499,0.946096978992,0.953054519378,0.95536210515,0.797358382935,0.88716135183,0.941051464098,0.912857021936,-1
1004-HV-C-L-06,0.892406732356,0.953785420862,1.0,0.935647044071,0.84681757785,0.944622725445,0.953759672839,0.954799351559,0.790452914165,0.892699718644,0.945975120762,0.917486347557,-1
1004-HV-C-L-06,0.898016981158,0.93471194114,1.0,0.882230929027,0.810156737014,0.924942675279,0.919553517331,0.936734940207,0.798305685822,0.842116513508,0.885285537153,0.875149728856,-1
1004-HV-C-L-06,0.909916072445,0.926724339146,1.0,0.862472647254,0.834207980114,0.912183743389,0.902017674932,0.925273821441,0.766127979856,0.85909079434,0.893632966983,0.887202451522,-1
1004-HV-C-L-06,0.915616839661,0.924257065486,1.0,0.853553563231,0.84871601051,0.904174111501,0.890806362242,0.918315129072,0.754772581581,0.869346907614,0.89781274975,0.895232593651,-1
1004-HV-C-L-06,0.915784365895,0.917160881794,1.0,0.840565798347,0.848318262251,0.902010547948,0.889563923175,0.915784365895,0.74603473787,0.86218846471,0.895182480599,0.891743653917,-1
1004-HV-C-L-06,0.890147710164,0.937506803944,1.0,0.878647342972,0.802045806982,0.924569788075,0.919303339491,0.932656807876,0.796347551861,0.839548531255,0.882115291534,0.864163358482,-1
1004-HV-C-L-06,0.944077931161,0.850427529016,1.0,0.893487073402,0.823793280869,0.896825760136,0.872948033375,0.909586866485,0.755130375812,0.837461464996,0.856183015452,0.864896902612,-1
1004-HV-C-L-06,0.945390046142,0.876420129942,1.0,0.87867968558,0.802628964511,0.918343610553,0.895670916328,0.924037746196,0.796811981977,0.82136615933,0.84058767736,0.84537517989,-1
1004-HV-C-L-06,0.940150066064,0.879758577978,1.0,0.877487633696,0.804204184998,0.916788082519,0.896086447091,0.924763146038,0.798681055988,0.819163738027,0.838295857779,0.845802557662,-1
