1002-HV-C-L-03,0.102614330812,0.529444322053,0.245148440999,0.456520673837,0.632057692657,0.529444322053,0.475559729977,0.456520673837,0.941748536431,1.0,0.863967294863,1.0,1
1002-HV-C-L-03,0.0867438501527,0.524688797361,0.255504507483,0.462292270364,0.641038640416,0.524688797361,0.497795633758,0.462292270364,0.961445627036,1.0,0.863121280482,1.0,1
1002-HV-C-L-03,0.0874440872355,0.52238617029,0.250299316901,0.491617707593,0.631477979831,0.52238617029,0.49701945658,0.491617707593,0.947524817989,1.0,0.808275628038,1.0,1
1002-HV-C-L-03,0.0955097718063,0.522653252243,0.245822164128,0.471922246512,0.626849275303,0.522653252243,0.485322029761,0.471922246512,0.934796980116,1.0,0.826633454149,1.0,1
1002-HV-C-L-03,0.150793367165,0.513268715839,0.220273518598,0.455933775318,0.671008267101,0.513268715839,0.433453561424,0.455933775318,1.0,1.0,0.761032358416,1.0,1
1002-HV-C-L-03,0.135387588576,0.516766568637,0.230412242851,0.484383466651,0.667955864448,0.516766568637,0.452721205357,0.484383466651,1.0,1.0,0.736675271547,1.0,1
1002-HV-C-L-03,0.120692230274,0.519678997034,0.229469593847,0.471021294895,0.643416305917,0.519678997034,0.452820859343,0.471021294895,0.970300665813,1.0,0.776345694072,1.0,1
1002-HV-C-L-03,0.107806458958,0.519850762557,0.24050575669,0.454867917342,0.639543527175,0.519850762557,0.467469118819,0.454867917342,0.95801936902,1.0,0.853376776322,1.0,1
1002-HV-C-L-03,0.120855175056,0.527207865126,0.242515730654,0.488563435286,0.658390072028,0.527207865126,0.477570897652,0.488563435286,0.981038530342,1.0,0.787401833736,1.0,1
1002-HV-C-L-03,0.199950423358,0.442208864776,0.168359689792,0.454968572827,0.674030532322,0.442211688256,0.329559502389,0.454968572827,1.0,0.951280498115,0.580085476554,1.0,1
1002-HV-C-L-03,0.178949858089,0.474665033682,0.190366799107,0.480293772858,0.670801226367,0.474665033682,0.376200484562,0.480293772858,1.0,0.954544213416,0.599369652443,1.0,1
1002-HV-C-L-03,0.21023299017,0.419549947944,0.155329631343,0.422760657021,0.663054535315,0.419557640717,0.294670074022,0.422760657021,1.0,0.96296121454,0.537811961118,1.0,1
1002-HV-C-L-03,0.171228609404,0.445503592057,0.192019142127,0.461944404739,0.664234177138,0.445503592057,0.366625102421,0.461944404739,1.0,0.94241563089,0.60620523521,1.0,1
1002-HV-C-L-03,0.0484449917644,0.542851565535,0.294895676604,0.540551311451,0.647579199959,0.542851565535,0.573963558253,0.540551311451,0.969185163023,0.974178186902,0.840191775382,1.0,1
1002-HV-C-L-03,0.173287348336,0.486071605686,0.20015385852,0.474404668234,0.666977193333,0.486071605686,0.388886810377,0.474404668234,1.0,1.0,0.638191706316,1.0,1
1002-HV-C-L-03,0.202842712934,0.472834624157,0.175783329491,0.45748347499,0.679648696627,0.472835724443,0.349029858563,0.45748347499,1.0,1.0,0.601429932462,1.0,1
1002-HV-C-L-03,0.210187773851,0.475900760228,0.180403345154,0.46931496556,0.687307861797,0.475902051759,0.35407708523,0.46931496556,1.0,1.0,0.594310231954,1.0,1
1002-HV-C-L-03,0.211498359609,0.458182504038,0.165484210441,0.457073806987,0.676522695433,0.458184591094,0.323257305571,0.457073806987,1.0,1.0,0.54324658923,1.0,1
1002-HV-C-L-03,0.208600739834,0.479578933536,0.177493359501,0.462140450884,0.690018405937,0.479580263379,0.346092012364,0.462140450884,1.0,1.0,0.571715853721,1.0,1
1002-HV-C-L-03,0.221882084629,0.471563770434,0.166758682242,0.461591535557,0.690525204817,0.471566203448,0.33140051911,0.461591535557,1.0,1.0,0.552865301271,1.0,1
1002-HV-C-L-03,0.160142435156,0.510362317918,0.2169698752,0.479317469684,0.684904247578,0.510362317918,0.425342833188,0.479317469684,1.0,1.0,0.704790231191,1.0,1
1002-HV-C-L-03,0.187697718112,0.480480809364,0.188869687113,0.442194047432,0.687299451077,0.480480809364,0.368210544878,0.442194047432,1.0,1.0,0.639044522503,1.0,1
1002-HV-C-L-03,0.233697926682,0.447471847704,0.140899300822,0.418912613783,0.67223903209,0.447475526767,0.275174028915,0.418912613783,1.0,1.0,0.511526650075,1.0,1
1002-HV-C-L-03,0.214176339499,0.449337450189,0.156103183528,0.427861643777,0.66928079159,0.449340174596,0.303543226821,0.427861643777,1.0,1.0,0.553222491719,1.0,1
1002-HV-C-L-03,0.214441000632,0.445715711973,0.157279481012,0.427525425036,0.674415087242,0.445718608075,0.303236281724,0.427525425036,1.0,1.0,0.556350262774,1.0,1
1002-HV-C-L-03,0.22138256327,0.441526439303,0.151455060372,0.423458617962,0.665682858519,0.441529985072,0.290964947837,0.423458617962,1.0,1.0,0.532827715514,1.0,1
1002-HV-C-L-03,0.216870548405,0.467273874004,0.161119487983,0.432623334121,0.67578756211,0.467276224409,0.317671157037,0.432623334121,1.0,1.0,0.586622853175,1.0,1
1002-HV-C-L-03,0.226401006514,0.454542893585,0.146906741993,0.416215894517,0.671819179972,0.454546105271,0.291426738584,0.416215894517,1.0,1.0,0.549201470201,1.0,1
1002-HV-C-L-03,0.24256968689,0.437708855578,0.129108055758,0.414758142946,0.677252971059,0.437713872516,0.256181059751,0.414758142946,1.0,1.0,0.483201471961,1.0,1
1002-HV-C-L-03,0.1693927245,0.515689833279,0.204490473439,0.424627200069,0.67679596597,0.515689833279,0.401183560411,0.424627200069,1.0,1.0,0.766871595871,1.0,1
1002-HV-C-L-03,0.199335077328,0.484351982133,0.176030898526,0.418563044178,0.679884669385,0.484352845622,0.348994950588,0.418563044178,1.0,1.0,0.678886690551,1.0,1
1002-HV-C-L-03,0.176407681816,0.52377376184,0.204937116568,0.443958596005,0.674992603263,0.52377376184,0.405588931203,0.443958596005,1.0,1.0,0.74919486594,1.0,1
1002-HV-C-L-03,0.178575471417,0.501194394647,0.193806221414,0.424013213297,0.669743601632,0.501194394647,0.380284637957,0.424013213297,1.0,1.0,0.718509845461,1.0,1
1002-HV-C-L-03,0.176213487457,0.511727171905,0.201521959312,0.439492613675,0.67596559274,0.511727171905,0.397787255352,0.439492613675,1.0,1.0,0.737394870886,1.0,1
1002-HV-C-L-03,0.166956709517,0.506983291753,0.203603568836,0.424714184501,0.671094382529,0.506983291753,0.403444677037,0.424714184501,1.0,1.0,0.770797393393,1.0,1
1002-HV-C-L-03,0.180731625488,0.492694546803,0.187449586186,0.423057275915,0.669240846307,0.492694546803,0.365381476594,0.423057275915,1.0,1.0,0.704696942432,1.0,1
1002-HV-C-L-03,0.176742114427,0.513553393604,0.204431207016,0.433294708676,0.68496204736,0.513553393604,0.396812986334,0.433294708676,1.0,1.0,0.745302996318,1.0,1
1002-HV-C-L-03,0.182561494693,0.482964085094,0.189579873876,0.46119050017,0.667612820936,0.482964085094,0.370670002057,0.46119050017,1.0,1.0,0.625443853801,1.0,1
1002-HV-C-L-03,0.185158252586,0.478659480207,0.186480596466,0.445814110569,0.670486887904,0.478659480207,0.365187008451,0.445814110569,1.0,1.0,0.64385417712,1.0,1
1002-HV-C-L-03,0.219524189461,0.460997324846,0.16056426894,0.43788692914,0.684763919126,0.46099930179,0.313689933076,0.43788692914,1.0,1.0,0.552351946757,1.0,1
1002-HV-C-L-03,0.205103192263,0.453476529259,0.161644721276,0.432687770025,0.670545355563,0.453478079835,0.317074023977,0.432687770025,1.0,1.0,0.563162415042,1.0,1
1002-HV-C-L-03,0.228489957848,0.431365181454,0.14054937514,0.43387390793,0.672390109632,0.431368328982,0.276885878862,0.43387390793,1.0,0.980621926433,0.484695702198,1.0,1
1002-HV-C-L-03,0.150661402469,0.513732994324,0.213438384043,0.448306092356,0.66101096869,0.513732994324,0.426044937946,0.448306092356,0.975829574871,1.0,0.771081116173,1.0,1
1002-HV-C-L-03,0.135178323936,0.520847185042,0.22161881483,0.451499350043,0.657348583703,0.520847185042,0.444760703388,0.451499350043,0.987818052402,1.0,0.811434334691,1.0,1
1002-HV-C-L-03,0.103977203832,0.527686172594,0.248631254085,0.487885884211,0.627937175199,0.527686172594,0.498916179827,0.487885884211,0.92215400414,1.0,0.835250847567,1.0,1
1002-HV-C-L-03,0.109788512563,0.518636621028,0.240178959631,0.479411093519,0.64291638972,0.518636621028,0.480912959804,0.479411093519,0.944597318038,1.0,0.801939756783,1.0,1
1002-HV-C-L-03,0.0641900505015,0.515622480438,0.2513994023,0.455125729234,0.592359034664,0.515622480438,0.503011692902,0.455125729234,0.880643647078,1.0,0.902168294183,1.0,1
1002-HV-C-L-03,0.174168263669,0.496525144439,0.202357235246,0.454696806091,0.67672590801,0.496525144439,0.398741490317,0.454696806091,1.0,1.0,0.701993040398,1.0,1
1002-HV-C-L-03,0.178989663381,0.49295972846,0.199666822913,0.470409336337,0.677190359859,0.49295972846,0.39528169507,0.470409336337,1.0,1.0,0.671484730297,1.0,1
1002-HV-C-L-03,0.185056502879,0.499991737884,0.205074456965,0.489145601997,0.691496591521,0.499991737884,0.40621411019,0.489145601997,1.0,1.0,0.652888339348,1.0,1
1002-HV-C-L-03,0.186738122138,0.475581815345,0.198719448285,0.479083152084,0.685731986863,0.475581815345,0.388087995326,0.479083152084,1.0,0.988110747745,0.627145695118,1.0,1
1002-HV-C-L-03,0.18980704984,0.487333789181,0.197433436883,0.48197241264,0.684166115528,0.487333789181,0.391941278252,0.48197241264,1.0,0.988059501648,0.627157569672,1.0,1
1002-HV-C-L-03,0.173403916243,0.494840347392,0.205981198866,0.485137319225,0.680345414158,0.494840347392,0.405398229793,0.485137319225,1.0,1.0,0.659258445429,1.0,1
1002-HV-C-L-03,0.199786980412,0.47892990398,0.192298716936,0.48004665748,0.695029424719,0.478930232277,0.366766922469,0.48004665748,1.0,1.0,0.587905509284,1.0,1
1002-HV-C-L-03,0.164428512554,0.530019364954,0.230427086267,0.508911820416,0.703055700572,0.530019364954,0.458535027794,0.508911820416,1.0,1.0,0.715732797826,1.0,1
1002-HV-C-L-03,0.128192547493,0.515910989845,0.224515708384,0.441465044252,0.646690203668,0.515910989845,0.431986965932,0.441465044252,0.966486999118,1.0,0.813688813944,1.0,1
1002-HV-C-L-03,0.155626373626,0.513854168111,0.215021227395,0.444548793959,0.671127518621,0.513854168111,0.422617041039,0.444548793959,1.0,1.0,0.777472369039,1.0,1
1002-HV-C-L-03,0.119564632223,0.522329382262,0.236758993708,0.449250999707,0.648621860079,0.522329382262,0.454279968596,0.449250999707,0.955700542696,1.0,0.829627688272,1.0,1
1002-HV-C-L-03,0.127425793696,0.519699715035,0.231517295686,0.455992615147,0.66227001179,0.519699715035,0.4635841783,0.455992615147,0.985868035954,1.0,0.847766273463,1.0,1
1002-HV-C-L-03,0.168462399171,0.51017288986,0.202644713597,0.440348648385,0.669726139534,0.51017288986,0.394368365213,0.440348648385,0.992508050572,1.0,0.702331842763,1.0,1
1002-HV-C-L-03,0.144763191905,0.516586005439,0.220531524283,0.449975412444,0.659496011822,0.516586005439,0.440398818062,0.449975412444,0.973650803194,1.0,0.809162100574,1.0,1
1002-HV-C-L-03,0.190081002736,0.505532913614,0.194107776187,0.45062796666,0.681726133498,0.505532913614,0.38435341738,0.45062796666,1.0,1.0,0.680956457607,1.0,1
1002-HV-C-L-03,0.198185779167,0.480474835811,0.178489578316,0.450754635296,0.679675410946,0.480475599806,0.34924364138,0.450754635296,1.0,1.0,0.597096654601,1.0,1
1002-HV-C-L-03,0.22894293592,0.467038864607,0.153672175729,0.434125518561,0.681065276326,0.467041554207,0.305161380521,0.434125518561,1.0,1.0,0.567048388923,1.0,1
1002-HV-C-L-03,0.224383909915,0.451848540737,0.144420941552,0.422581180547,0.669160952428,0.451851562274,0.289979351076,0.422581180547,1.0,1.0,0.536658845468,1.0,1
1002-HV-C-L-03,0.235609579794,0.455501352946,0.141601257303,0.42331929383,0.68757882707,0.455504801849,0.282089457979,0.42331929383,1.0,1.0,0.524731999033,1.0,1
1002-HV-C-L-03,0.238845346319,0.44369530998,0.132690475936,0.409136886457,0.677299525312,0.443699467335,0.25830224718,0.409136886457,1.0,1.0,0.491673509743,1.0,1
1002-HV-C-L-03,0.223310935329,0.456482203804,0.147659315991,0.405342469317,0.673910243593,0.456485138625,0.286985943102,0.405342469317,1.0,1.0,0.555950831784,1.0,1
1002-HV-C-L-03,0.222205253513,0.446434523633,0.139664999399,0.406273116111,0.666383437929,0.44643806995,0.279627562548,0.406273116111,1.0,1.0,0.540235054689,1.0,1
1002-HV-C-L-03,0.169956977309,0.509206679847,0.213676442787,0.46911031772,0.682358932802,0.509206679847,0.415690916409,0.46911031772,1.0,1.0,0.69857111988,1.0,1
1002-HV-C-L-03,0.145852168369,0.510709449105,0.22636962647,0.491953999962,0.670199149125,0.510709449105,0.447996541707,0.491953999962,1.0,1.0,0.718258307035,1.0,1
1002-HV-C-L-03,0.120966886011,0.536480065048,0.255002758435,0.517111916241,0.678905229557,0.536480065048,0.490046509356,0.517111916241,1.0,1.0,0.758416517831,1.0,1
1002-HV-C-L-03,0.0990686837697,0.52680429638,0.255021566783,0.516864359301,0.656090420848,0.52680429638,0.511118213531,0.516864359301,0.986755158572,1.0,0.795724405864,1.0,1
1002-HV-C-L-03,0.136295483948,0.52993916515,0.24666139771,0.516026340031,0.67229801821,0.52993916515,0.482558316464,0.516026340031,1.0,1.0,0.752985477951,1.0,1
1002-HV-C-L-03,0.0953871624733,0.525332330631,0.257867166896,0.504902332037,0.650167588548,0.525332330631,0.503494419233,0.504902332037,0.967985785403,1.0,0.805005055158,1.0,1
1002-HV-C-L-03,0.157247134277,0.499637026487,0.210331613861,0.459884091324,0.670368889181,0.499637026487,0.407150186274,0.459884091324,1.0,1.0,0.691922577978,1.0,1
1002-HV-C-L-03,0.15083046666,0.51275014552,0.220639802742,0.459682593013,0.673348195384,0.51275014552,0.429875956684,0.459682593013,1.0,1.0,0.736960347568,1.0,1
1002-HV-C-L-03,0.146347204955,0.52181775464,0.226410751406,0.466611319934,0.675676049445,0.52181775464,0.441024760377,0.466611319934,0.995415450696,1.0,0.765323150626,1.0,1
1002-HV-C-L-03,0.122429504877,0.541455980649,0.254592930078,0.49497784543,0.676311578587,0.541455980649,0.486506493886,0.49497784543,0.98775484717,1.0,0.798382294316,1.0,1
1002-HV-C-L-03,0.1273971637,0.534423109944,0.245372605322,0.47602220921,0.67234499985,0.534423109944,0.480145681445,0.47602220921,0.988730661577,1.0,0.802610795511,1.0,1
1002-HV-C-L-03,0.158793478159,0.529248219386,0.230362370165,0.48242314806,0.691078069405,0.529248219386,0.447704761184,0.48242314806,1.0,1.0,0.739915110746,1.0,1
1002-HV-C-L-03,0.130942392563,0.532361050781,0.235000804723,0.4591982105,0.662409428963,0.532361050781,0.463915514084,0.4591982105,0.970442132527,1.0,0.807396534271,1.0,1
1002-HV-C-L-03,0.144140847,0.537409484811,0.234543128856,0.463110763095,0.676169423685,0.537409484811,0.463983646717,0.463110763095,0.994273601253,1.0,0.808203236418,1.0,1
1002-HV-C-L-03,0.157136497415,0.522616075629,0.222791150278,0.494365352426,0.67618066496,0.522616075629,0.441675735744,0.494365352426,1.0,1.0,0.691945481583,1.0,1
1002-HV-C-L-03,0.135298287335,0.516354083542,0.23173003877,0.464716920122,0.667891243247,0.516354083542,0.457017977129,0.464716920122,1.0,1.0,0.772660081632,1.0,1
1002-HV-C-L-03,0.20504782189,0.466225320123,0.168003826475,0.437615369883,0.676333537102,0.46622725815,0.331655169848,0.437615369883,1.0,1.0,0.59517520449,1.0,1
1002-HV-C-L-03,0.192381238345,0.492342200634,0.19396811729,0.468629030501,0.692102671741,0.492342200634,0.37755905908,0.468629030501,1.0,1.0,0.627057613229,1.0,1
1002-HV-C-L-03,0.155508872796,0.511075454132,0.218030549028,0.465896050763,0.673507654938,0.511075454132,0.42570158083,0.465896050763,1.0,1.0,0.723563078328,1.0,1
1002-HV-C-L-03,0.156464390722,0.509067153196,0.209718381115,0.464798823111,0.667236412374,0.509067153196,0.419782819645,0.464798823111,1.0,1.0,0.718898906685,1.0,1
1002-HV-C-L-03,0.149552827633,0.526688568172,0.222539957513,0.474810666231,0.670862301352,0.526688568172,0.440270320886,0.474810666231,0.994471104866,1.0,0.745474923227,1.0,1
1002-HV-C-L-03,0.191677917141,0.477068430632,0.184853357303,0.444540195223,0.675320919902,0.477068754658,0.359641208303,0.444540195223,1.0,1.0,0.631256507719,1.0,1
1002-HV-C-L-03,0.210422793536,0.450944820088,0.156733008535,0.431090293118,0.665782569094,0.450947141885,0.309368023456,0.431090293118,1.0,1.0,0.564560044376,1.0,1
1002-HV-C-L-03,0.212507341151,0.44860827114,0.153806413241,0.425632657074,0.666425525206,0.448610940232,0.302565583772,0.425632657074,1.0,1.0,0.543217102926,1.0,1
1002-HV-C-L-03,0.163996045014,0.494840160672,0.209035295903,0.474952386369,0.673313894824,0.494840160672,0.409481499115,0.474952386369,1.0,1.0,0.680649680761,1.0,1
1002-HV-C-L-03,0.183390839911,0.479540357923,0.191000280079,0.455812246607,0.673804966681,0.479540357923,0.377173309781,0.455812246607,1.0,1.0,0.646939407888,1.0,1
1002-HV-C-L-03,0.196863468635,0.468272872116,0.179798077005,0.452210983642,0.677158344298,0.468273717086,0.347220847612,0.452210983642,1.0,1.0,0.598761710538,1.0,1
1002-HV-C-L-03,0.185545575516,0.464119482818,0.178842822146,0.451953725391,0.667361553856,0.464119812149,0.349185921537,0.451953725391,1.0,1.0,0.601307642957,1.0,1
1002-HV-C-L-03,0.193929002264,0.463825127039,0.17333978983,0.455043263946,0.668642740122,0.463826040412,0.343646851428,0.455043263946,1.0,1.0,0.596115164987,1.0,1
1002-HV-C-L-03,0.265935972909,0.38779660729,0.088907673409,0.392108446221,0.663806361111,0.387805393774,0.176973881319,0.392108446221,1.0,0.989876982697,0.345062249076,1.0,1
1002-HV-C-L-03,0.17999125943,0.484057294438,0.191565025635,0.465897474873,0.673101595179,0.484057294438,0.380244624387,0.465897474873,1.0,1.0,0.637786180243,1.0,1
1002-HV-C-L-03,0.234926012516,0.451448976058,0.145094511276,0.430345822405,0.682532925146,0.451453330878,0.28496761848,0.430345822405,1.0,1.0,0.52459925972,1.0,1
1002-HV-C-L-03,0.219725154789,0.447058672658,0.154274095392,0.426585057747,0.675787407888,0.447061775385,0.300911466827,0.426585057747,1.0,1.0,0.561554484474,1.0,1
1002-HV-C-L-03,0.23465733245,0.434125548624,0.13493150335,0.428402952398,0.674752919677,0.434130420323,0.266915591607,0.428402952398,1.0,1.0,0.487910886202,1.0,1
1002-HV-C-L-03,0.102537896977,0.524878070362,0.244735149324,0.462775363733,0.638997277744,0.524878070362,0.47834984756,0.462775363733,0.94062755788,1.0,0.831855840757,1.0,1
1002-HV-C-L-03,0.164154554225,0.51667171819,0.217320896347,0.465730773668,0.67562788603,0.51667171819,0.423929681631,0.465730773668,1.0,1.0,0.734049730326,1.0,1
1002-HV-C-L-03,0.227087040573,0.42585890422,0.137057983811,0.436859522419,0.665859258395,0.425862798544,0.27193641113,0.436859522419,1.0,0.948066998018,0.47411902605,1.0,1
1002-HV-C-L-03,0.179118702625,0.471218630376,0.190568325541,0.481847981651,0.676197896552,0.471218630376,0.374411632866,0.481847981651,1.0,0.961063575552,0.591741822103,1.0,1
1002-HV-C-L-03,0.176990504551,0.486218551109,0.196288666216,0.488517529283,0.673654006998,0.486218551109,0.379354773332,0.488517529283,1.0,0.997465103761,0.590415908354,1.0,1
1002-HV-C-L-03,0.216576277589,0.440915128687,0.150123721474,0.442041665161,0.671843683021,0.440918274119,0.293784023824,0.442041665161,1.0,0.991919071261,0.5100457928,1.0,1
1002-HV-C-L-03,0.215388482728,0.443824825487,0.157482336713,0.454203134634,0.676192781193,0.443827623588,0.307248078183,0.454203134634,1.0,0.957218586175,0.506956885728,1.0,1
1002-HV-C-L-03,0.217729867539,0.462601712894,0.166830135449,0.437719932495,0.691155957806,0.462604044587,0.315028159942,0.437719932495,1.0,1.0,0.56795861303,1.0,1
1002-HV-C-L-03,0.239366925065,0.454699536751,0.148793272822,0.421300266592,0.681053326879,0.454703547497,0.287716500036,0.421300266592,1.0,1.0,0.546330289332,1.0,1
1002-HV-C-L-03,0.223602763651,0.494064252142,0.179385351502,0.462056633504,0.694969819333,0.494065993003,0.351092258753,0.462056633504,1.0,1.0,0.606015505424,1.0,1
1002-HV-C-L-03,0.248282452951,0.465563646083,0.14846992582,0.429882909019,0.687555745017,0.465568129194,0.287171329802,0.429882909019,1.0,1.0,0.531581926995,1.0,1
1002-HV-C-L-03,0.19875493579,0.48605781987,0.187308774935,0.461131434167,0.678177860387,0.486058322189,0.366559965614,0.461131434167,1.0,1.0,0.639491262355,1.0,1
1002-HV-C-L-03,0.201374703068,0.483133047882,0.183830633025,0.457592884291,0.675823616427,0.483133775149,0.358658527798,0.457592884291,1.0,1.0,0.631810276583,1.0,1
1002-HV-C-L-03,0.111726398795,0.537498422337,0.26288514199,0.507636401095,0.679412345789,0.537498422337,0.503421764219,0.507636401095,1.0,1.0,0.782257238108,1.0,1
1002-HV-C-L-03,0.141238450745,0.523254502548,0.244448685331,0.495816843044,0.693830751998,0.523254502548,0.47136702867,0.495816843044,1.0,1.0,0.728804722311,1.0,1
1002-HV-C-L-03,0.0342836846394,0.530583766189,0.291480135022,0.536717774172,0.621123758252,0.530583766189,0.564378394659,0.536717774172,0.931223177629,0.959311101671,0.805716157233,1.0,1
1002-HV-C-L-03,0.19549882432,0.480518044322,0.192291385098,0.468248992121,0.682009045514,0.4805183011,0.369109741318,0.468248992121,1.0,0.995282860883,0.595449395909,1.0,1
1002-HV-C-L-03,0.129959666727,0.526445909329,0.242112702023,0.50779159481,0.67782228765,0.526445909329,0.457057041071,0.50779159481,1.0,1.0,0.72149925067,1.0,1
1002-HV-C-L-03,0.0622326044027,0.547917223882,0.286025428982,0.53295678717,0.639615159825,0.547917223882,0.561064852573,0.53295678717,0.934361980388,1.0,0.864859731295,1.0,1
1002-HV-C-L-03,0.137427137306,0.514694778719,0.229816972795,0.478038831141,0.672842204624,0.514694778719,0.452120333242,0.478038831141,1.0,1.0,0.74882026918,1.0,1
1002-HV-C-L-03,0.0115636038966,0.528966386394,0.288116673475,0.495706035652,0.583393791432,0.528966386394,0.569320668693,0.495706035652,0.862139223446,1.0,0.924705567056,1.0,1
1002-HV-C-L-03,0.137714442523,0.516284350334,0.227388756544,0.469922813654,0.6659736243,0.516284350334,0.447490151929,0.469922813654,0.994361518497,1.0,0.758774195765,1.0,1
1002-HV-C-L-03,0.106418537886,0.528277482038,0.260387945679,0.504500743913,0.668033979514,0.528277482038,0.510497015878,0.504500743913,1.0,1.0,0.823145457384,1.0,1
1002-HV-C-L-03,0.117501535522,0.524985174245,0.248671334107,0.508657538237,0.668862213734,0.524985174245,0.487983790545,0.508657538237,1.0,1.0,0.764335018139,1.0,1
1002-HV-C-L-03,0.168905472637,0.482029738213,0.211878807404,0.47288262198,0.677847188986,0.482029738213,0.401576090715,0.47288262198,1.0,1.0,0.664624132956,1.0,1
1002-HV-C-L-03,0.163423862291,0.503635789387,0.222799283568,0.506568271762,0.683320056103,0.503635789387,0.438432791868,0.506568271762,1.0,1.0,0.692594039526,1.0,1
1002-HV-C-L-03,0.157389045018,0.511089188524,0.217985954185,0.478586265474,0.684237068721,0.511089188524,0.436376991196,0.478586265474,1.0,1.0,0.715322754751,1.0,1
1002-HV-C-L-03,0.165737227196,0.508449941013,0.220359678706,0.484427738919,0.683080973295,0.508449941013,0.430822113239,0.484427738919,1.0,1.0,0.703511252836,1.0,1
1002-HV-C-L-03,0.137303759856,0.518528228328,0.234512212564,0.506244557581,0.673897682674,0.518528228328,0.464176476988,0.506244557581,1.0,1.0,0.73951060445,1.0,1
1002-HV-C-L-03,0.144955904948,0.505197975571,0.227186076643,0.487666842297,0.677390945777,0.505197975571,0.434320888496,0.487666842297,1.0,1.0,0.694726763458,1.0,1
1002-HV-C-L-03,0.116142618784,0.525335312998,0.248349189204,0.507947609056,0.673199485538,0.525335312998,0.493094175637,0.507947609056,0.988847966809,1.0,0.784327686691,1.0,1
1002-HV-C-L-03,0.198404581714,0.463950036278,0.180199055122,0.440292534559,0.681547016629,0.463951002958,0.347008427552,0.440292534559,1.0,1.0,0.618502542422,1.0,1
1002-HV-C-L-03,0.152422158363,0.508789127041,0.221780392909,0.469397541422,0.676272368186,0.508789127041,0.430049835886,0.469397541422,1.0,1.0,0.739113014207,1.0,1
1002-HV-C-L-03,0.181673140954,0.489024003443,0.201773873235,0.451822464847,0.683626801906,0.489024003443,0.391409902504,0.451822464847,1.0,1.0,0.700074788429,1.0,1
1002-HV-C-L-03,0.187888772403,0.484443196283,0.182803254393,0.44127331561,0.673181947608,0.484443512214,0.36696208722,0.44127331561,1.0,1.0,0.631557470604,1.0,1
1002-HV-C-L-03,0.151017391733,0.515442237096,0.223982973475,0.46599410744,0.675843009713,0.515442237096,0.440565781371,0.46599410744,1.0,1.0,0.765157008628,1.0,1
1002-HV-C-L-03,0.151017391733,0.515442237096,0.223982973475,0.46599410744,0.675843009713,0.515442237096,0.440565781371,0.46599410744,1.0,1.0,0.765157008628,1.0,1
1002-HV-C-L-03,0.246981978236,0.416465796386,0.106938974507,0.364972264433,0.660607335706,0.416472691489,0.211612149562,0.364972264433,1.0,1.0,0.45392714471,1.0,1
1002-HV-C-L-03,0.243345304743,0.421110181958,0.113013101324,0.36718497755,0.661582022401,0.421116706562,0.222050959604,0.36718497755,1.0,1.0,0.469957002386,1.0,1
1002-HV-C-L-03,0.235565075362,0.427313683263,0.121463505402,0.374288775463,0.661093510157,0.427319756632,0.242352690351,0.374288775463,1.0,1.0,0.523630557803,1.0,1
1002-HV-C-L-03,0.247919175699,0.419538248693,0.106139711496,0.369152052677,0.660446787317,0.419545517326,0.212133598571,0.369152052677,1.0,1.0,0.461983547,1.0,1
1002-HV-C-L-03,0.241497588136,0.42422639811,0.116002220205,0.376183155519,0.663376645655,0.424232779946,0.22502559038,0.376183155519,1.0,1.0,0.478031782789,1.0,1
1002-HV-C-L-03,0.207565859117,0.476826366708,0.175876430927,0.449963437343,0.672274341693,0.476827892431,0.34559365869,0.449963437343,1.0,1.0,0.623197125576,1.0,1
1002-HV-C-L-03,0.203886180275,0.464211109609,0.167219376019,0.420369143361,0.672540048516,0.464213018833,0.327556711822,0.420369143361,1.0,1.0,0.609093249029,1.0,1
1002-HV-C-L-03,0.137298435791,0.510921678103,0.214375961256,0.456782797802,0.647688436205,0.510921678103,0.427049987149,0.456782797802,0.976427305576,1.0,0.741777207464,1.0,1
1002-HV-C-L-03,0.180562708772,0.497160029401,0.19525770063,0.450749217907,0.671849258311,0.497160029401,0.388714419834,0.450749217907,1.0,1.0,0.697599057074,1.0,1
1002-HV-C-L-03,0.179738690931,0.486035832058,0.186110402645,0.431960092673,0.666565904293,0.486035832058,0.367232433556,0.431960092673,1.0,1.0,0.679599958391,1.0,1
1002-HV-C-L-03,0.145985577697,0.510943470735,0.214588353499,0.472544270591,0.663369272659,0.510943470735,0.426756510724,0.472544270591,1.0,1.0,0.722770988081,1.0,1
1002-HV-C-L-03,0.173808246091,0.481560446369,0.194665530168,0.449981479258,0.667513838669,0.481560446369,0.378967471382,0.449981479258,1.0,1.0,0.656623218814,1.0,1
1002-HV-C-L-03,0.1381419932,0.513784948266,0.228807420971,0.481956584627,0.672237538556,0.513784948266,0.446384676498,0.481956584627,1.0,1.0,0.734890822259,1.0,1
1002-HV-C-L-03,0.157630373763,0.501784451934,0.209536820489,0.472362726684,0.664489011016,0.501784451934,0.410292059848,0.472362726684,1.0,1.0,0.673928630435,1.0,1
1002-HV-C-L-03,0.166361301441,0.496797726403,0.20357295446,0.479823788808,0.669869669859,0.496797726403,0.40282932839,0.479823788808,1.0,1.0,0.663472575209,1.0,1
1002-HV-C-L-03,0.158496732026,0.497841445003,0.206480613633,0.472089964753,0.663577008398,0.497841445003,0.400885107292,0.472089964753,1.0,1.0,0.675889165102,1.0,1
1002-HV-C-L-03,0.139737660171,0.519540336943,0.22414997649,0.475077397669,0.666171330494,0.519540336943,0.424894097932,0.475077397669,1.0,1.0,0.708438261668,1.0,1
1002-HV-C-L-03,0.228740201143,0.425985011263,0.133861508583,0.412119340272,0.66679612238,0.425989077495,0.260074115053,0.412119340272,1.0,1.0,0.486547704566,1.0,1
1002-HV-C-L-03,0.20899654404,0.458519780307,0.161288786548,0.438344230348,0.663895689043,0.458521744433,0.309744182633,0.438344230348,1.0,1.0,0.545914727122,1.0,1
1002-HV-C-L-03,0.20833133914,0.453003432133,0.155362536459,0.431221161202,0.665471716495,0.453005594296,0.306982195116,0.431221161202,1.0,1.0,0.542540810912,1.0,1
1002-HV-C-L-03,0.206877013382,0.470706327421,0.167995942996,0.444758594435,0.672662457763,0.470707937256,0.331134259985,0.444758594435,1.0,1.0,0.577975480963,1.0,1
1002-HV-C-L-03,0.168335830709,0.505784072924,0.210237682514,0.470289400444,0.679185689327,0.505784072924,0.414723396152,0.470289400444,1.0,1.0,0.670730993146,1.0,1
1002-HV-C-L-03,0.221526800484,0.469728334715,0.161192943299,0.438279298701,0.682858882749,0.469730780955,0.315549258395,0.438279298701,1.0,1.0,0.57327703773,1.0,1
1002-HV-C-L-03,0.227947008196,0.471616982089,0.161789610195,0.431814659501,0.702081205848,0.471620159815,0.319668139626,0.431814659501,1.0,1.0,0.580189763868,1.0,1
1002-HV-C-L-03,0.230895331342,0.479648462053,0.163134349877,0.457555143699,0.687789536886,0.479650908492,0.315345833867,0.457555143699,1.0,1.0,0.541431143906,1.0,1
1002-HV-C-L-03,0.25045096028,0.442629421233,0.135008850015,0.418653529741,0.68401022125,0.442634266521,0.263305205526,0.418653529741,1.0,1.0,0.486102068564,1.0,1
1002-HV-C-L-03,0.241777752075,0.439691006853,0.134894817633,0.419107219034,0.674077676727,0.43969543167,0.256878706094,0.419107219034,1.0,1.0,0.468956398054,1.0,1
1002-HV-C-L-03,0.226918278228,0.424749094451,0.134569099853,0.403594472781,0.664445183056,0.424753330028,0.259740746049,0.403594472781,1.0,1.0,0.487087619113,1.0,1
1002-HV-C-L-03,0.228157771834,0.46816199756,0.156330376667,0.409204514973,0.671792226924,0.468166039119,0.299735125342,0.409204514973,1.0,1.0,0.593473699375,1.0,1
1002-HV-C-L-03,0.209910699611,0.445802095611,0.156807296332,0.400544196029,0.665390375752,0.445805441816,0.300245737214,0.400544196029,1.0,1.0,0.583187377251,1.0,1
1002-HV-C-L-03,0.219367880813,0.455306788068,0.159515873917,0.411221925003,0.676582696976,0.455310523312,0.298750467986,0.411221925003,1.0,1.0,0.574921102317,1.0,1
1002-HV-C-L-03,0.205350466059,0.470412375155,0.169639965095,0.415573377699,0.677853176844,0.470414817757,0.3290603065,0.415573377699,1.0,1.0,0.617509613711,1.0,1
1002-HV-C-L-03,0.148230129476,0.524607919336,0.228122057746,0.482581999292,0.673868692184,0.524607919336,0.444103552914,0.482581999292,1.0,1.0,0.744618366384,1.0,1
1002-HV-C-L-03,0.104146119178,0.536078224805,0.267126635981,0.521734618188,0.677790496824,0.536078224805,0.528960392976,0.521734618188,1.0,1.0,0.785219115929,1.0,1
1002-HV-C-L-03,0.174596963531,0.469664413938,0.190482614846,0.471043804729,0.664226288562,0.469664413938,0.363488411773,0.471043804729,1.0,0.968453617113,0.594990625032,1.0,1
1002-HV-C-L-03,0.187875591218,0.457200465465,0.177313397296,0.462776917695,0.662181117599,0.457201067754,0.341537030538,0.462776917695,1.0,0.96930468185,0.567820579705,1.0,1
1002-HV-C-L-03,0.154747295486,0.487214570937,0.214924044846,0.481405551474,0.668088468813,0.487214570937,0.412465531094,0.481405551474,1.0,1.0,0.672204196766,1.0,1
1002-HV-C-L-03,0.0808111763492,0.532345052234,0.268947294842,0.532345052234,0.653330017865,0.532345052234,0.527687790612,0.532345052234,0.983756122734,0.996794841142,0.771929156348,1.0,1
1002-HV-C-L-03,0.145543663099,0.512704610797,0.236914568135,0.502732691694,0.68562116465,0.512704610797,0.462892246225,0.502732691694,1.0,1.0,0.730398642718,1.0,1
1002-HV-C-L-03,0.21808333972,0.472389509525,0.172283435758,0.455816236998,0.68725673499,0.472392025064,0.339129666072,0.455816236998,1.0,1.0,0.563799637437,1.0,1
1002-HV-C-L-03,0.21960685665,0.443642684863,0.157158288308,0.440678916977,0.684838263908,0.443646570118,0.2915840989,0.440678916977,1.0,1.0,0.518486431282,1.0,1
1002-HV-C-L-03,0.14987215059,0.508595552187,0.217901584955,0.466905848304,0.669586129239,0.508595552187,0.42942893154,0.466905848304,1.0,1.0,0.752988757177,1.0,1
1002-HV-C-L-03,0.183634833824,0.479439534592,0.188972395366,0.458325528651,0.670413743375,0.479439534592,0.365109257143,0.458325528651,1.0,1.0,0.630721741981,1.0,1
1002-HV-C-L-03,0.0919087947539,0.55578376414,0.302720667554,0.553551576643,0.674158489324,0.55578376414,0.591559124272,0.553551576643,0.935972470053,1.0,0.872820433914,1.0,1
1002-HV-C-L-03,0.168110918544,0.553794312051,0.261547094632,0.529909368093,0.721062493917,0.553794312051,0.492639411217,0.529909368093,1.0,1.0,0.73821046582,1.0,1
1002-HV-C-L-03,0.115928438781,0.550109296777,0.278086569344,0.547508199747,0.694541048584,0.550109296777,0.528053851886,0.547508199747,1.0,1.0,0.780239172563,1.0,1
1002-HV-C-L-03,0.160234065488,0.532658342186,0.23400874334,0.524253076432,0.691378277501,0.532658342186,0.457057586754,0.524253076432,1.0,1.0,0.69818365199,1.0,1
1002-HV-C-L-03,0.111392549622,0.579090324921,0.295689285247,0.560802454002,0.707177577579,0.579090324921,0.5593355366,0.560802454002,0.987023124377,1.0,0.817025212997,1.0,1
1002-HV-C-L-03,0.19461775442,0.474625444738,0.172036654671,0.431572755436,0.666860619031,0.474626383597,0.346550947729,0.431572755436,1.0,1.0,0.62238134374,1.0,1
1002-HV-C-L-03,0.166621263715,0.487418594083,0.199239119299,0.451796169873,0.668567466211,0.487418594083,0.395434346056,0.451796169873,1.0,1.0,0.695936606639,1.0,1
1002-HV-C-L-03,0.115625169302,0.518864981574,0.230704172806,0.468325231425,0.639664095338,0.518864981574,0.465003360228,0.468325231425,0.957193803154,1.0,0.804415541193,1.0,1
1002-HV-C-L-03,0.118672826717,0.524394962923,0.23818699312,0.481742647973,0.650777834244,0.524394962923,0.469213558356,0.481742647973,0.971869892384,1.0,0.777757778307,1.0,1
1002-HV-C-L-03,0.0274134324677,0.532948421723,0.294122569532,0.545979077124,0.607285119606,0.532948421723,0.581221149486,0.545979077124,0.904521859259,0.986702056061,0.861072952368,1.0,1
1002-HV-C-L-03,0.0,0.539918416218,0.308376480032,0.506173515204,0.578913907285,0.539918416218,0.611364238411,0.506173515204,0.873388953369,1.0,0.973297948352,1.0,1
1002-HV-C-L-03,0.0,0.529497539146,0.299078226208,0.500935431225,0.559215246637,0.529497539146,0.592174887892,0.500935431225,0.834705746383,1.0,0.966992578333,1.0,1
1002-HV-C-L-03,0.0,0.536680733218,0.315735923642,0.513556249202,0.570462143559,0.536680733218,0.627315634218,0.513556249202,0.853805715213,1.0,0.988020857047,1.0,1
1002-HV-C-L-03,0.0915840763148,0.551007490148,0.282738270675,0.541391071914,0.673204690421,0.551007490148,0.545293277056,0.541391071914,0.99884785456,1.0,0.816956947947,1.0,1
1002-HV-C-L-03,0.192554028241,0.467239238495,0.175881476947,0.440021204475,0.669939284893,0.467240250761,0.342521238241,0.440021204475,1.0,1.0,0.593685028838,1.0,1
1002-HV-C-L-03,0.141218619843,0.507746509666,0.229077169859,0.479059116233,0.667507774608,0.507746509666,0.443723273008,0.479059116233,1.0,1.0,0.754947800073,1.0,1
1002-HV-C-L-03,0.1521660432,0.515860683723,0.219293929836,0.456375029672,0.673874109425,0.515860683723,0.434881493981,0.456375029672,1.0,1.0,0.764456567635,1.0,1
1002-HV-C-L-03,0.132621635432,0.510023002061,0.226011266981,0.478603457654,0.660904249681,0.510023002061,0.447229546394,0.478603457654,1.0,1.0,0.758192129923,1.0,1
1002-HV-C-L-03,0.183497643447,0.484929631047,0.186730631837,0.455642921514,0.667608997569,0.484929631047,0.368681785909,0.455642921514,1.0,1.0,0.650161305655,1.0,1
1002-HV-C-L-03,0.223926645092,0.446456970969,0.148360290672,0.421255864122,0.675614594981,0.446459808564,0.280862545492,0.421255864122,1.0,1.0,0.532945561354,1.0,1
1002-HV-C-L-03,0.195424590473,0.468186217209,0.182206412685,0.441030111694,0.6759537127,0.468186750057,0.358088031751,0.441030111694,1.0,1.0,0.657316059622,1.0,1
1002-HV-C-L-03,0.211752702077,0.459997516264,0.161598148648,0.420040890348,0.669606906614,0.459999505529,0.313354122662,0.420040890348,1.0,1.0,0.594309362645,1.0,1
1002-HV-C-L-03,0.213497445482,0.446685484538,0.149592815815,0.415951992356,0.66703253388,0.446688214733,0.29201235742,0.415951992356,1.0,1.0,0.537699451002,1.0,1
1002-HV-C-L-03,0.232800891104,0.422600589505,0.126473256789,0.404914297129,0.662481891853,0.422605136856,0.24424742456,0.404914297129,1.0,1.0,0.465924418333,1.0,1
1002-HV-C-L-03,0.219411764706,0.448414324253,0.141399655677,0.39638156069,0.662751435233,0.448417633044,0.282645261631,0.39638156069,1.0,1.0,0.56716036451,1.0,1
1002-HV-C-L-03,0.216587276142,0.456332236325,0.147264195566,0.394149498456,0.663049657209,0.456334953684,0.287028462317,0.394149498456,1.0,1.0,0.574595518153,1.0,1
1002-HV-C-L-03,0.24447998606,0.444849379514,0.132473142845,0.415231941988,0.681374049354,0.444854337183,0.26450209763,0.415231941988,1.0,1.0,0.494362843682,1.0,1
1002-HV-C-L-03,0.210749268695,0.466762520245,0.156833664639,0.410611123571,0.668885515979,0.466764692869,0.304351493144,0.410611123571,1.0,1.0,0.58417435877,1.0,1
1002-HV-C-L-03,0.212450407379,0.466642928862,0.156200544793,0.410770540555,0.666931091452,0.466645268352,0.309399826206,0.410770540555,1.0,1.0,0.612615629576,1.0,1
1002-HV-C-L-03,0.0955517034947,0.530772274202,0.259693241527,0.508315902176,0.657411630366,0.530772274202,0.514492862689,0.508315902176,0.976695104136,1.0,0.801457016759,1.0,1
1002-HV-C-L-03,0.0885436817955,0.537999169209,0.271223810409,0.5181136447,0.649645341813,0.537999169209,0.53142488404,0.5181136447,0.951034041367,1.0,0.817502804957,1.0,1
1002-HV-C-L-03,0.0451880032801,0.543533526724,0.295570305486,0.537409087793,0.641590012381,0.543533526724,0.580339373638,0.537409087793,0.952973736398,1.0,0.875738606849,1.0,1
1002-HV-C-L-03,0.079370195884,0.539036191193,0.286546086494,0.528636379096,0.679502986586,0.539036191193,0.540824675886,0.528636379096,1.0,1.0,0.809423269133,1.0,1
1002-HV-C-L-03,0.148722047334,0.525351322385,0.251149405305,0.508596666139,0.686984175055,0.525351322385,0.47034830157,0.508596666139,1.0,1.0,0.738972937586,1.0,1
1002-HV-C-L-03,0.151959311558,0.505541994962,0.216812403582,0.461078988248,0.665347351114,0.505541994962,0.429834063813,0.461078988248,1.0,1.0,0.753376524764,1.0,1
1002-HV-C-L-03,0.152367567121,0.499224531338,0.212367247634,0.44658870403,0.665175008556,0.499224531338,0.424301646588,0.44658870403,1.0,1.0,0.763199180626,1.0,1
1002-HV-C-L-03,0.140048982386,0.503018180705,0.219428880297,0.458849214647,0.662584830364,0.503018180705,0.43517324665,0.458849214647,1.0,1.0,0.753208207456,1.0,1
1002-HV-C-L-03,0.123212641736,0.528922696694,0.244296715222,0.471973340066,0.668775718236,0.528922696694,0.478925158948,0.471973340066,1.0,1.0,0.792673946077,1.0,1
1002-HV-C-L-03,0.123753671977,0.52235403775,0.240793205727,0.453768195649,0.66996170723,0.52235403775,0.473754279304,0.453768195649,1.0,1.0,0.838000209606,1.0,1
1002-HV-C-L-03,0.150086465823,0.500628839569,0.220262007774,0.479768212203,0.672218142828,0.500628839569,0.436932616816,0.479768212203,1.0,1.0,0.728434387143,1.0,1
1002-HV-C-L-03,0.1878142469,0.470306306366,0.178002644603,0.445155364631,0.666560333958,0.470307291501,0.352129166532,0.445155364631,1.0,1.0,0.627966960205,1.0,1
1002-HV-C-L-03,0.137514847312,0.50855844354,0.230265233211,0.468102548783,0.669005431136,0.50855844354,0.456590310859,0.468102548783,1.0,1.0,0.776609663308,1.0,1
1002-HV-C-L-03,0.0706797668296,0.532904593831,0.296653372338,0.519946007805,0.670657999629,0.532904593831,0.539438927777,0.519946007805,1.0,1.0,0.849908731271,1.0,1
1002-HV-C-L-03,0.121166115766,0.526601500693,0.250171591176,0.481421679943,0.667856584843,0.526601500693,0.484294834169,0.481421679943,1.0,1.0,0.817327940558,1.0,1
1002-HV-C-L-03,0.185635091061,0.467544741788,0.184140119104,0.451743868255,0.667279585436,0.46754482796,0.359129430504,0.451743868255,1.0,1.0,0.608891448137,1.0,1
1002-HV-C-L-03,0.171970017086,0.482574806028,0.19851550847,0.463819303624,0.669476773481,0.482574806028,0.391722725454,0.463819303624,1.0,1.0,0.675871715447,1.0,1
1002-HV-C-L-03,0.174547635709,0.482088520484,0.194143413921,0.463872985412,0.669169624494,0.482088520484,0.383156541843,0.463872985412,1.0,1.0,0.659824104583,1.0,1
1002-HV-C-L-03,0.171806398835,0.480701043484,0.198863439778,0.457136519021,0.670463874666,0.480701043484,0.383536514017,0.457136519021,1.0,1.0,0.664027780676,1.0,1
1002-HV-C-L-03,0.188984586185,0.49852590566,0.194823610248,0.466764409137,0.681791245332,0.49852590566,0.380026239159,0.466764409137,1.0,1.0,0.631747899133,1.0,1
1002-HV-C-L-03,0.192408799204,0.472508865757,0.180116880682,0.437221703441,0.674931181015,0.472509404608,0.344626651802,0.437221703441,1.0,1.0,0.637236676164,1.0,1
1002-HV-C-L-03,0.187251124734,0.46783418086,0.17777861631,0.413176014131,0.665714897635,0.467834675263,0.346840172778,0.413176014131,1.0,1.0,0.672597775289,1.0,1
1002-HV-C-L-03,0.203913711128,0.462651189516,0.166601586856,0.407669238463,0.66790547514,0.462653215886,0.321873433374,0.407669238463,1.0,1.0,0.627116863331,1.0,1
1002-HV-C-L-03,0.204901008698,0.45357639207,0.169093180587,0.455886454314,0.678135326706,0.453578093998,0.330114500279,0.455886454314,1.0,0.978275259629,0.559908272363,1.0,1
1002-HV-C-L-03,0.189762520414,0.468685285429,0.184915148534,0.457817039398,0.670500674249,0.468685549122,0.363433944421,0.457817039398,1.0,1.0,0.617219352486,1.0,1
1002-HV-C-L-03,0.188439026831,0.461356336144,0.180299058619,0.466713817594,0.670349694228,0.46135677868,0.357600637719,0.466713817594,1.0,0.963217640229,0.587225135456,1.0,1
1002-HV-C-L-03,0.166576986044,0.503960257113,0.225362442363,0.500484518672,0.687375595321,0.503960257113,0.439703961351,0.500484518672,1.0,0.975813399943,0.658525869839,1.0,1
1002-HV-C-L-03,0.117209042932,0.543576396412,0.25904283311,0.519583474265,0.671107270018,0.543576396412,0.509138519787,0.519583474265,1.0,1.0,0.77438791609,1.0,1
1002-HV-C-L-03,0.142266933835,0.510852488334,0.228116829357,0.485855828334,0.669493360602,0.510852488334,0.450750267149,0.485855828334,1.0,1.0,0.742135988115,1.0,1
1002-HV-C-L-03,0.141602907224,0.531848478512,0.247770121612,0.507430010099,0.682244286001,0.531848478512,0.484587140245,0.507430010099,1.0,1.0,0.74440946011,1.0,1
1002-HV-C-L-03,0.0949795659809,0.551070161517,0.274634954331,0.537904341138,0.674333427528,0.551070161517,0.542661789221,0.537904341138,0.995804205737,1.0,0.812954450542,1.0,1
1002-HV-C-L-03,0.132452396056,0.522090108065,0.250215913026,0.523669853533,0.678554144158,0.522090108065,0.477905997513,0.523669853533,1.0,0.998305056646,0.737538545821,1.0,1
1002-HV-C-L-03,0.143080260304,0.527648357503,0.259841246434,0.538435432332,0.694019907549,0.527648357503,0.490842601354,0.538435432332,1.0,0.961253857192,0.710603404523,1.0,1
1002-HV-C-L-03,0.146801083799,0.529027549605,0.247606692601,0.520030143856,0.691051363361,0.529027549605,0.483190082398,0.520030143856,1.0,0.994202777105,0.741376125026,1.0,1
1002-HV-C-L-03,0.125463841743,0.537695536138,0.25555301561,0.511070672674,0.670888305582,0.537695536138,0.486231824895,0.511070672674,0.940977426204,1.0,0.785030618214,1.0,1
1002-HV-C-L-03,0.0776929400551,0.529300888871,0.273080504381,0.496083658483,0.637683008406,0.529300888871,0.532965836975,0.496083658483,0.926624971154,1.0,0.873716961726,1.0,1
1002-HV-C-L-03,0.137852250101,0.528814143095,0.238102882226,0.489941422473,0.667366303682,0.528814143095,0.468123281648,0.489941422473,0.981101837582,1.0,0.775299931149,1.0,1
1002-HV-C-L-03,0.0841307367239,0.538344962702,0.272741897363,0.487711353386,0.655315894379,0.538344962702,0.510846445172,0.487711353386,0.951732380398,1.0,0.845498758089,1.0,1
1002-HV-C-L-03,0.099790774259,0.524940750755,0.258264771935,0.481990074137,0.657041351624,0.524940750755,0.509085036121,0.481990074137,0.957956385491,1.0,0.859679431065,1.0,1
1002-HV-C-L-03,0.132131394625,0.513861354014,0.22532651961,0.475282020626,0.655128558811,0.513861354014,0.44677890052,0.475282020626,0.976849388554,1.0,0.744322210513,1.0,1
1002-HV-C-L-03,0.161897145241,0.478022889407,0.199720683354,0.456210947191,0.665309944197,0.478022889407,0.39354176881,0.456210947191,1.0,1.0,0.693611087885,1.0,1
1002-HV-C-L-03,0.132608111424,0.514107355434,0.234964706992,0.489583511951,0.672705124681,0.514107355434,0.456347716067,0.489583511951,1.0,1.0,0.741845063469,1.0,1
1002-HV-C-L-03,0.170480549199,0.473965071307,0.197409704642,0.45170336143,0.671606273162,0.473965071307,0.382174513915,0.45170336143,1.0,1.0,0.67353019879,1.0,1
1002-HV-C-L-03,0.129482736491,0.510242074472,0.234450891205,0.490986947524,0.672053712659,0.510242074472,0.46503997628,0.490986947524,1.0,1.0,0.759394495768,1.0,1
1002-HV-C-L-03,0.15923814231,0.498225129997,0.2150192459,0.462926218269,0.677504118886,0.498225129997,0.423597578345,0.462926218269,1.0,1.0,0.734059650375,1.0,1
1002-HV-C-L-03,0.157721202632,0.508052943347,0.220746195061,0.468969845637,0.672500472589,0.508052943347,0.431080236879,0.468969845637,1.0,1.0,0.749601016222,1.0,1
1002-HV-C-L-03,0.125954654957,0.527826136125,0.256332084226,0.507907276852,0.686002077091,0.527826136125,0.486793158988,0.507907276852,1.0,1.0,0.765324304725,1.0,1
1002-HV-C-L-03,0.11560792059,0.536899515959,0.2584057306,0.514630900009,0.681715077497,0.536899515959,0.504785243007,0.514630900009,1.0,1.0,0.777272116809,1.0,1
1002-HV-C-L-03,0.14248936138,0.506904741791,0.225300270936,0.479316745626,0.669052485476,0.506904741791,0.42533365262,0.479316745626,1.0,1.0,0.697803562997,1.0,1
1002-HV-C-L-03,0.159879973797,0.505930927743,0.233928891535,0.510689258308,0.678886209213,0.505930927743,0.455221852084,0.510689258308,1.0,0.969334371155,0.68985492546,1.0,1
1002-HV-C-L-03,0.0938876252238,0.55245595683,0.285198022913,0.52872982446,0.671155099357,0.55245595683,0.53895315896,0.52872982446,1.0,1.0,0.847612033024,1.0,1
1002-HV-C-L-03,0.0709081605302,0.55057302563,0.292589016632,0.55057302563,0.675622758039,0.55057302563,0.537116392215,0.55057302563,1.0,1.0,0.799298326755,1.0,1
1002-HV-C-L-03,0.0796979642996,0.55835473853,0.314609183816,0.562768819564,0.684225862554,0.55835473853,0.591520702089,0.562768819564,0.99679289352,0.986486128212,0.871911715161,1.0,1
1002-HV-C-L-03,0.0,0.553506738111,0.323367003367,0.550288675681,0.625977011494,0.553506738111,0.640459770115,0.550288675681,0.92832326105,1.0,0.959111397952,1.0,1
1002-HV-C-L-03,0.181438979453,0.464936377592,0.184250466767,0.448490959503,0.66384416704,0.464936377592,0.359572887476,0.448490959503,1.0,1.0,0.623157673708,1.0,1
1002-HV-C-L-03,0.201476476476,0.451464362959,0.164296612894,0.437805846037,0.663273694973,0.45146646259,0.321040332108,0.437805846037,1.0,1.0,0.586404375672,1.0,1
1002-HV-C-L-03,0.207466632396,0.453000551081,0.161911823338,0.431897542289,0.667144972071,0.453003382184,0.313586080068,0.431897542289,1.0,1.0,0.583872676223,1.0,1
1002-HV-C-L-03,0.1787936495,0.493628548388,0.192912599737,0.461416460267,0.664420408726,0.493628548388,0.377703570616,0.461416460267,1.0,1.0,0.65052127215,1.0,1
1002-HV-C-L-03,0.177511376425,0.482108820682,0.195484785102,0.46359504941,0.668857593595,0.482108820682,0.391894172957,0.46359504941,1.0,1.0,0.674104839963,1.0,1
1002-HV-C-L-03,0.186268177295,0.465728268961,0.179833371657,0.459415787845,0.66850929661,0.465728632432,0.352133360114,0.459415787845,1.0,1.0,0.591449545607,1.0,1
1002-HV-C-L-03,0.171317899469,0.485924497093,0.211749489301,0.483599403743,0.676651192803,0.485924497093,0.413113724339,0.483599403743,1.0,1.0,0.669333638757,1.0,1
1002-HV-C-L-03,0.184427342689,0.491277341921,0.1973534908,0.475612795592,0.676472821354,0.491277341921,0.39092172837,0.475612795592,1.0,1.0,0.659789926983,1.0,1
1002-HV-C-L-03,0.177533994318,0.48072191099,0.19821114738,0.46837248491,0.666031260033,0.48072191099,0.382847668726,0.46837248491,1.0,1.0,0.630692886513,1.0,1
1002-HV-C-L-03,0.165230882736,0.485133754285,0.206300543789,0.475008785223,0.669982800429,0.485133754285,0.406706742651,0.475008785223,1.0,1.0,0.669263848947,1.0,1
1002-HV-C-L-03,0.179890413525,0.495574855565,0.196381588357,0.432150514369,0.67411678417,0.495574855565,0.373189205895,0.432150514369,1.0,1.0,0.690235460663,1.0,1
1002-HV-C-L-03,0.206209693267,0.485417110838,0.172127415053,0.411516551488,0.679663503809,0.485419026121,0.336923921192,0.411516551488,1.0,1.0,0.657806347996,1.0,1
1002-HV-C-L-03,0.18747221739,0.499020648086,0.196544814302,0.433597440155,0.674819281807,0.499020648086,0.387232118266,0.433597440155,1.0,1.0,0.731160857184,1.0,1
1002-HV-C-L-03,0.186447485441,0.494082398982,0.194897012496,0.415629308554,0.673688017824,0.494082398982,0.376441173949,0.415629308554,1.0,1.0,0.737455681838,1.0,1
1002-HV-C-L-03,0.141082382615,0.520307044297,0.228293386466,0.45629235862,0.659072777174,0.520307044297,0.447310287568,0.45629235862,0.97517648229,1.0,0.805224861126,1.0,1
1002-HV-C-L-03,0.130098464991,0.525768654639,0.242281107282,0.492267188254,0.665425993454,0.525768654639,0.472772905269,0.492267188254,0.978819480153,1.0,0.774453064282,1.0,1
1002-HV-C-L-03,0.204165376962,0.478139837388,0.180045448857,0.461089400519,0.683542838525,0.478141185354,0.347446287006,0.461089400519,1.0,1.0,0.584861709297,1.0,1
1002-HV-C-L-03,0.19262261636,0.479132772542,0.177864708233,0.452108209644,0.670571153085,0.479133618819,0.351346587616,0.452108209644,1.0,1.0,0.608283941827,1.0,1
1002-HV-C-L-03,0.205053789446,0.465597727643,0.167140219604,0.445133218162,0.671797833055,0.465599959897,0.324558749678,0.445133218162,1.0,1.0,0.562589281652,1.0,1
1002-HV-C-L-03,0.167195256481,0.484894696876,0.207453539024,0.461184392268,0.667761630873,0.484894696876,0.39162313495,0.461184392268,1.0,1.0,0.662773734669,1.0,1
1002-HV-C-L-03,0.162701124433,0.491660371876,0.217018650831,0.478157048017,0.677598790908,0.491660371876,0.398766419481,0.478157048017,1.0,1.0,0.661603345335,1.0,1
1002-HV-C-L-03,0.150914867974,0.527173606151,0.237438908964,0.493610125845,0.687693581998,0.527173606151,0.458456180967,0.493610125845,1.0,1.0,0.7311334364,1.0,1
1002-HV-C-L-03,0.161725185648,0.533408331127,0.23640364037,0.482527474486,0.688583136442,0.533408331127,0.450567747992,0.482527474486,1.0,1.0,0.744919980694,1.0,1
1002-HV-C-L-03,0.122344154564,0.536048316289,0.253797385493,0.508687618585,0.672920465063,0.536048316289,0.495564513874,0.508687618585,0.992150729133,1.0,0.777231947819,1.0,1
1002-HV-C-L-03,0.141127252087,0.525538299581,0.231227322933,0.471942856454,0.66399428267,0.525538299581,0.453590702533,0.471942856454,0.960197260878,1.0,0.750571966831,1.0,1
1002-HV-C-L-03,0.140583416053,0.541254291714,0.253982958629,0.505666082775,0.693609491708,0.541254291714,0.481713883813,0.505666082775,0.983412916135,1.0,0.755695621388,1.0,1
1002-HV-C-L-03,0.169485179407,0.492406014551,0.20650145926,0.458444842194,0.66955758881,0.492406014551,0.397840486542,0.458444842194,1.0,1.0,0.688124719903,1.0,1
1002-HV-C-L-03,0.11582012051,0.532715488182,0.252136578848,0.493829907233,0.664994314778,0.532715488182,0.499713732102,0.493829907233,0.97831578321,1.0,0.793143296315,1.0,1
1002-HV-C-L-03,0.166065759637,0.50579427044,0.21086922965,0.463715971959,0.670669370396,0.50579427044,0.416420375947,0.463715971959,1.0,1.0,0.719021070881,1.0,1
1002-HV-C-L-03,0.167730925283,0.497477812573,0.204833300172,0.456973381791,0.665727180114,0.497477812573,0.401540893893,0.456973381791,1.0,1.0,0.715066766625,1.0,1
1002-HV-C-L-03,0.141718386573,0.513001851838,0.226295006437,0.47756000186,0.667241980145,0.513001851838,0.439504857922,0.47756000186,1.0,1.0,0.750573230037,1.0,1
1002-HV-C-L-03,0.133245990154,0.517415780929,0.236412731237,0.517415780929,0.673128618468,0.517415780929,0.468750552266,0.517415780929,1.0,1.0,0.704069715412,1.0,1
1002-HV-C-L-03,0.150008675382,0.508602784448,0.224219491393,0.510896429316,0.671520086856,0.508602784448,0.444999544171,0.510896429316,1.0,0.991550882802,0.680579568892,1.0,1
1002-HV-C-L-03,0.141917759227,0.509224360611,0.231457364232,0.506776103625,0.676386913291,0.509224360611,0.446839400002,0.506776103625,1.0,0.998693646387,0.690675126967,1.0,1
1002-HV-C-L-03,0.173705646503,0.487739064343,0.204748419505,0.477860477417,0.681058411392,0.487739064343,0.404429752938,0.477860477417,1.0,1.0,0.662622834533,1.0,1
1002-HV-C-L-03,0.172604570567,0.483345321218,0.205409687012,0.479715576087,0.677605823694,0.483345321218,0.405952179508,0.479715576087,1.0,1.0,0.655794101003,1.0,1
1002-HV-C-L-03,0.211116358335,0.4505369036,0.16118891174,0.428602970742,0.67167063624,0.450540392433,0.31135390905,0.428602970742,1.0,1.0,0.562571559795,1.0,1
1002-HV-C-L-03,0.191102838732,0.461314698186,0.17288451073,0.433088760849,0.664267083829,0.46131600301,0.342267249154,0.433088760849,1.0,1.0,0.616222452282,1.0,1
1002-HV-C-L-03,0.172635152513,0.488336186965,0.193851028507,0.452582904848,0.666358013893,0.488336186965,0.387616488186,0.452582904848,1.0,1.0,0.671606982989,1.0,1
1002-HV-C-L-03,0.176298863347,0.490790428215,0.20250027127,0.468715016738,0.67482104478,0.490790428215,0.387075489738,0.468715016738,1.0,1.0,0.652196372271,1.0,1
1002-HV-C-L-03,0.175066338875,0.484535712026,0.201684820673,0.464695630079,0.678427273307,0.484535712026,0.386137782216,0.464695630079,1.0,1.0,0.645750020981,1.0,1
1002-HV-C-L-03,0.159329220544,0.502622726905,0.207688387171,0.449244971429,0.666530790129,0.502622726905,0.404804812749,0.449244971429,1.0,1.0,0.719905792483,1.0,1
1002-HV-C-L-03,0.132852158223,0.531361521148,0.246328010917,0.502464854383,0.682335957132,0.531361521148,0.475222046732,0.502464854383,1.0,1.0,0.741710445705,1.0,1
1002-HV-C-L-03,0.0942784476114,0.535024803735,0.271696499928,0.495392293849,0.671825510906,0.535024803735,0.530124830287,0.495392293849,0.997110859638,1.0,0.87616519447,1.0,1
1002-HV-C-L-03,0.0885647030516,0.531824079596,0.266742922913,0.493475261863,0.65602008289,0.531824079596,0.50967413612,0.493475261863,0.976847023716,1.0,0.850957420525,1.0,1
1002-HV-C-L-03,0.106340162692,0.534483274672,0.256451282429,0.493525444268,0.656399794537,0.534483274672,0.507912509103,0.493525444268,0.983895285574,1.0,0.839457301078,1.0,1
1002-HV-C-L-03,0.176047627305,0.52168135826,0.209937950182,0.475148484533,0.681036453325,0.52168135826,0.41881485256,0.475148484533,1.0,1.0,0.718100443079,1.0,1
1002-HV-C-L-03,0.0762926415414,0.536030355652,0.263922859098,0.42683566504,0.62259876609,0.536030355652,0.50488338774,0.42683566504,0.927056264959,1.0,0.96170542949,1.0,1
1002-HV-C-L-03,0.0779659690398,0.516829023858,0.260258017371,0.440646435765,0.621456769733,0.516829023858,0.501942476672,0.440646435765,0.925201729495,1.0,0.958607812207,1.0,1
1002-HV-C-L-03,0.180381759067,0.521843888325,0.221137603439,0.465079213916,0.6931241931,0.521843888325,0.42392230251,0.465079213916,1.0,1.0,0.740319223494,1.0,1
1002-HV-C-L-03,0.136264137262,0.530087355852,0.241016043773,0.484329099057,0.674337837696,0.530087355852,0.461065333483,0.484329099057,0.97701762236,1.0,0.782610099639,1.0,1
1002-HV-C-L-03,0.152966620542,0.539336056796,0.239646045673,0.473474032494,0.680029764762,0.539336056796,0.469071757392,0.473474032494,0.979311353886,1.0,0.815754327956,1.0,1
1002-HV-C-L-03,0.0538085388758,0.541445575264,0.287189339573,0.503647792428,0.629389638019,0.541445575264,0.562291727458,0.503647792428,0.923268159022,1.0,0.903377933571,1.0,1
1002-HV-C-L-03,0.0554537518838,0.524843033286,0.269006180295,0.480174879119,0.60958860626,0.524843033286,0.534203404521,0.480174879119,0.900776780829,1.0,0.905724542105,1.0,1
1002-HV-C-L-03,0.0999769038501,0.527477352369,0.256634509565,0.481434369373,0.657665929515,0.527477352369,0.494496972006,0.481434369373,0.975943952316,1.0,0.825653934991,1.0,1
1002-HV-C-L-03,0.05519441895,0.528572782372,0.270696292941,0.489945691835,0.613005026138,0.528572782372,0.539809386413,0.489945691835,0.905881909315,1.0,0.884747798538,1.0,1
1002-HV-C-L-03,0.102528717435,0.520832152728,0.247454092835,0.48471503603,0.632099348992,0.520832152728,0.490467782791,0.48471503603,0.937283868899,1.0,0.829601627168,1.0,1
1002-HV-C-L-03,0.0786625745345,0.529366032396,0.267605921252,0.514348240592,0.641126274447,0.529366032396,0.535991004825,0.514348240592,0.954064346407,1.0,0.839389954664,1.0,1
1002-HV-C-L-03,0.198323247475,0.457218807663,0.169623327311,0.443846228739,0.667101958988,0.457220770365,0.335212282053,0.443846228739,1.0,1.0,0.577300202297,1.0,1
1002-HV-C-L-03,0.209096399535,0.442926886669,0.155285501061,0.418322119011,0.665241425707,0.442930361255,0.302232814697,0.418322119011,1.0,1.0,0.553512122449,1.0,1
1002-HV-C-L-03,0.218330564784,0.432018802865,0.142320486586,0.416668186376,0.662418307141,0.432023344653,0.275010014096,0.416668186376,1.0,1.0,0.507964374566,1.0,1
1002-HV-C-L-03,0.207722376001,0.448514559371,0.157419871374,0.428445603677,0.664747592067,0.448517787381,0.30804393317,0.428445603677,1.0,1.0,0.569492882974,1.0,1
1002-HV-C-L-03,0.246597876477,0.396512395497,0.109018921503,0.389995264441,0.661763387591,0.396522606226,0.210514845639,0.389995264441,1.0,1.0,0.416295406445,1.0,1
1002-HV-C-L-03,0.215079339483,0.456821832234,0.155798677749,0.411474456412,0.670308110232,0.456825069062,0.302130277505,0.411474456412,1.0,1.0,0.584563978289,1.0,1
1002-HV-C-L-03,0.147502839764,0.520519387493,0.226729536239,0.480264694905,0.671890062702,0.520519387493,0.449772544301,0.480264694905,1.0,1.0,0.740617676171,1.0,1
1002-HV-C-L-03,0.180056994954,0.500627914583,0.202283528908,0.463845730048,0.676434037199,0.500627914583,0.401901945695,0.463845730048,1.0,1.0,0.703168813736,1.0,1
1002-HV-C-L-03,0.194275093532,0.489709933467,0.183379501262,0.433301988242,0.676312072075,0.489710470647,0.35962305212,0.433301988242,1.0,1.0,0.678427194246,1.0,1
1002-HV-C-L-03,0.17090300733,0.50235610513,0.208969463617,0.46602494556,0.675937679883,0.50235610513,0.40342617865,0.46602494556,1.0,1.0,0.710334959418,1.0,1
1002-HV-C-L-03,0.172375457953,0.505018362704,0.20413808958,0.452478916574,0.675840520649,0.505018362704,0.401293902518,0.452478916574,1.0,1.0,0.708115787014,1.0,1
1002-HV-C-L-03,0.198108244711,0.472303317976,0.174294242905,0.432248913747,0.67682638049,0.472304898615,0.343827030209,0.432248913747,1.0,1.0,0.636107464529,1.0,1
1002-HV-C-L-03,0.187016116885,0.483697840174,0.191373271833,0.456647693688,0.676300241231,0.483697840174,0.375535572562,0.456647693688,1.0,1.0,0.649924036239,1.0,1
1002-HV-C-L-03,0.184816063315,0.468256400114,0.183404113711,0.441676429504,0.669238749463,0.468256488583,0.363536879176,0.441676429504,1.0,1.0,0.652668340029,1.0,1
1002-HV-C-L-03,0.190490359438,0.455905319284,0.174008342352,0.428614971983,0.667884495719,0.455906404265,0.341156661343,0.428614971983,1.0,1.0,0.62346300838,1.0,1
1002-HV-C-L-03,0.194141193595,0.46984323851,0.18041055581,0.439083689879,0.668316803925,0.469844082266,0.353759697386,0.439083689879,1.0,1.0,0.645919802636,1.0,1
1002-HV-C-L-03,0.201875626432,0.464887160358,0.181450091345,0.460791950932,0.684608694255,0.464888003857,0.353306611114,0.460791950932,1.0,0.997600441327,0.587403060176,1.0,1
1002-HV-C-L-03,0.191303790619,0.464761968236,0.186507863712,0.470437134582,0.675371623304,0.464762187805,0.364920359127,0.470437134582,1.0,0.988181007502,0.603936219936,1.0,1
1002-HV-C-L-03,0.203816312136,0.456163056668,0.162781538326,0.442765958347,0.672447224628,0.456165105306,0.320988283544,0.442765958347,1.0,1.0,0.556431640668,1.0,1
1002-HV-C-L-03,0.170193408986,0.481190240242,0.202357087027,0.472302520773,0.671075006324,0.481190240242,0.395527588582,0.472302520773,1.0,1.0,0.670284919695,1.0,1
1002-HV-C-L-03,0.167638975535,0.480624732991,0.199611468472,0.471368914374,0.667792631897,0.480624732991,0.386783752423,0.471368914374,1.0,1.0,0.64915392104,1.0,1
1002-HV-C-L-03,0.182802143053,0.482004662682,0.19368802281,0.471736772929,0.674881674759,0.482004662682,0.386210431801,0.471736772929,1.0,1.0,0.652297078286,1.0,1
1002-HV-C-L-03,0.198817053174,0.452055171105,0.178067858112,0.464183508003,0.680521028751,0.452056325662,0.350358489539,0.464183508003,1.0,0.967238017439,0.58694811795,1.0,1
1002-HV-C-L-03,0.200168365218,0.444478107842,0.173733418629,0.458954185908,0.676144321338,0.444479442805,0.340778555288,0.458954185908,1.0,0.94506942992,0.579411885809,1.0,1
1002-HV-C-L-03,0.173594868524,0.465567106841,0.206581935793,0.484851697936,0.680521986241,0.465567106841,0.400866882044,0.484851697936,1.0,0.939116011391,0.629167864949,1.0,1
1002-HV-C-L-03,0.20569753481,0.450653904914,0.173698012524,0.467066606265,0.67858564033,0.450655577321,0.342125217781,0.467066606265,1.0,0.935016846843,0.56545877139,1.0,1
1002-HV-C-L-03,0.20939519189,0.480546078227,0.175074748783,0.4579189189,0.67534301596,0.4805476784,0.341236977523,0.4579189189,1.0,1.0,0.587976530395,1.0,1
1002-HV-C-L-03,0.216627140793,0.461432473338,0.164218420935,0.448978592898,0.676091757291,0.461434882132,0.314822509042,0.448978592898,1.0,1.0,0.537917169068,1.0,1
1002-HV-C-L-03,0.218679338252,0.456944955873,0.151149948979,0.432247472473,0.66865539862,0.45694805887,0.296424492906,0.432247472473,1.0,1.0,0.536618793613,1.0,1
1002-HV-C-L-03,0.207718478986,0.462613108957,0.164366828295,0.446229127522,0.669145633405,0.462615026883,0.321182867536,0.446229127522,1.0,1.0,0.567451209518,1.0,1
1002-HV-C-L-03,0.211901977666,0.455631922627,0.158389928527,0.446097453386,0.667631158499,0.455634248919,0.313144089413,0.446097453386,1.0,1.0,0.551394716272,1.0,1
1002-HV-C-L-03,0.241003144532,0.454627540546,0.144493099628,0.42487964713,0.686670651838,0.454631228503,0.283123655404,0.42487964713,1.0,1.0,0.531297816495,1.0,1
1002-HV-C-L-03,0.266346967874,0.441172929881,0.12974552091,0.420282529777,0.71004764206,0.44117839413,0.240317673398,0.420282529777,1.0,1.0,0.444466932862,1.0,1
1002-HV-C-L-03,0.258840665114,0.453952619868,0.137230337444,0.432339845264,0.699340062529,0.45395732355,0.265066406956,0.432339845264,1.0,1.0,0.498042067894,1.0,1
1002-HV-C-L-03,0.21638728036,0.449363570017,0.14763382911,0.427851019018,0.662631442444,0.44936636028,0.293899108918,0.427851019018,1.0,1.0,0.53467380905,1.0,1
1002-HV-C-L-03,0.227860121841,0.433952104134,0.135901016057,0.418910404511,0.664876311007,0.433955792988,0.265662616053,0.418910404511,1.0,1.0,0.494155615872,1.0,1
1002-HV-C-L-03,0.219305523011,0.454147616099,0.153842185861,0.422647834572,0.676312845893,0.454150443964,0.300343346829,0.422647834572,1.0,1.0,0.566723526097,1.0,1
1002-HV-C-L-03,0.122538455822,0.530381090554,0.248996790495,0.492104951797,0.669883946272,0.530381090554,0.480306583108,0.492104951797,1.0,1.0,0.794357061007,1.0,1
1002-HV-C-L-03,0.107463135966,0.532647224087,0.255470071855,0.497748672731,0.666799167236,0.532647224087,0.496880988286,0.497748672731,0.994742672933,1.0,0.80107086413,1.0,1
1002-HV-C-L-03,0.134958830372,0.513986201728,0.238407133011,0.474840238844,0.676596082758,0.513986201728,0.45531371501,0.474840238844,1.0,1.0,0.780107474619,1.0,1
1002-HV-C-L-03,0.178598711143,0.488708779294,0.201706651977,0.450407102131,0.675689906868,0.488708779294,0.386099680508,0.450407102131,1.0,1.0,0.706381792114,1.0,1
1002-HV-C-L-03,0.170208617664,0.492450381124,0.208702872299,0.463809107276,0.677892237894,0.492450381124,0.404181027597,0.463809107276,1.0,1.0,0.714102438005,1.0,1
1002-HV-C-L-03,0.146649714239,0.52981277224,0.239096507996,0.48074026555,0.685534576498,0.52981277224,0.466219435413,0.48074026555,0.982355508196,1.0,0.791724198346,1.0,1
1002-HV-C-L-03,0.160010831663,0.52805264897,0.231813910482,0.488761607205,0.694717550298,0.52805264897,0.456589540908,0.488761607205,0.993278917588,1.0,0.744538215085,1.0,1
1002-HV-C-L-03,0.16951243331,0.514158413079,0.217023139002,0.47157307203,0.697977490509,0.514158413079,0.428242809398,0.47157307203,1.0,1.0,0.705148667136,1.0,1
1002-HV-C-L-03,0.143912997106,0.528697076454,0.236655595899,0.496060361951,0.68052723517,0.528697076454,0.469182945217,0.496060361951,0.973614647579,1.0,0.733835995959,1.0,1
1002-HV-C-L-03,0.177453187108,0.506033247348,0.204662885974,0.463488950846,0.688969381048,0.506033247348,0.391128916756,0.463488950846,1.0,1.0,0.650260575846,1.0,1
1002-HV-C-L-03,0.201004460868,0.473959959376,0.181513817669,0.441216241996,0.682780154298,0.473961224461,0.347928543545,0.441216241996,1.0,1.0,0.605107287314,1.0,1
1002-HV-C-L-03,0.128891259252,0.519096488966,0.234896719667,0.476984421022,0.664126947134,0.519096488966,0.464884143038,0.476984421022,0.98601153761,1.0,0.787999618956,1.0,1
1002-HV-C-L-03,0.157091462702,0.533948240541,0.234004031012,0.47191741078,0.680712225751,0.533948240541,0.45352208781,0.47191741078,0.994337809713,1.0,0.775030429255,1.0,1
1002-HV-C-L-03,0.164175414575,0.517989593934,0.223448794948,0.464452506282,0.677946555721,0.517989593934,0.430493146098,0.464452506282,1.0,1.0,0.766839513281,1.0,1
1002-HV-C-L-03,0.175700278171,0.501989008272,0.210245159449,0.451931235844,0.675829946837,0.501989008272,0.403344840855,0.451931235844,1.0,1.0,0.734415836394,1.0,1
1002-HV-C-L-03,0.16036556198,0.497759997303,0.210724495808,0.458820569589,0.673705152492,0.497759997303,0.406293798095,0.458820569589,1.0,1.0,0.71202285637,1.0,1
1002-HV-C-L-03,0.165198620181,0.498186223766,0.2121902442,0.457994728804,0.674092794312,0.498186223766,0.413658827689,0.457994728804,1.0,1.0,0.758968741991,1.0,1
1002-HV-C-L-03,0.143795938368,0.532345050817,0.236900240777,0.487001808691,0.67852028478,0.532345050817,0.461018468709,0.487001808691,0.999435673791,1.0,0.774690629502,1.0,1
1002-HV-C-L-03,0.169908190384,0.499140450658,0.206787317004,0.456891757379,0.678375422449,0.499140450658,0.408425672312,0.456891757379,1.0,1.0,0.707075189785,1.0,1
1002-HV-C-L-03,0.15772033096,0.50354743562,0.214756937215,0.460791809931,0.677014328881,0.50354743562,0.423621804389,0.460791809931,1.0,1.0,0.738295591875,1.0,1
1002-HV-C-L-03,0.154665737426,0.515406584468,0.220379995942,0.476689184399,0.675184751045,0.515406584468,0.436403087629,0.476689184399,1.0,1.0,0.729592656296,1.0,1
1002-HV-C-L-03,0.130120862212,0.523659660369,0.241791488341,0.502165380353,0.673211297729,0.523659660369,0.477788813094,0.502165380353,1.0,1.0,0.754158606105,1.0,1
1002-HV-C-L-03,0.15535332066,0.495408618749,0.216194485245,0.4701195659,0.667902128156,0.495408618749,0.420733892999,0.4701195659,1.0,1.0,0.703241703838,1.0,1
1002-HV-C-L-03,0.174675045575,0.48468143003,0.20054467076,0.468428127083,0.671082411185,0.48468143003,0.395328600918,0.468428127083,1.0,1.0,0.679716043162,1.0,1
1002-HV-C-L-03,0.165623653808,0.488700081297,0.199958913787,0.467825302553,0.665589648482,0.488700081297,0.395417887242,0.467825302553,1.0,1.0,0.676302026952,1.0,1
1002-HV-C-L-03,0.161620715679,0.494077961885,0.208436986334,0.457590837244,0.665939455033,0.494077961885,0.405181938339,0.457590837244,1.0,1.0,0.702116403054,1.0,1
1002-HV-C-L-03,0.162997538827,0.484550479633,0.20172942316,0.468619516751,0.665833119309,0.484550479633,0.393651399255,0.468619516751,1.0,1.0,0.662601206229,1.0,1
1002-HV-C-L-03,0.108867533144,0.530476699093,0.25166885524,0.506964732079,0.666473260162,0.530476699093,0.49599410525,0.506964732079,1.0,1.0,0.779390055412,1.0,1
1002-HV-C-L-03,0.15384511109,0.511574641817,0.212304977352,0.461356344686,0.667528716529,0.511574641817,0.422689536974,0.461356344686,1.0,1.0,0.74382640867,1.0,1
1002-HV-C-L-03,0.142558890186,0.51204408147,0.225057407452,0.484928544278,0.664376040699,0.51204408147,0.439085514467,0.484928544278,1.0,1.0,0.728358471898,1.0,1
1002-HV-C-L-03,0.176034296836,0.511721450392,0.205665078547,0.470781561839,0.676573535657,0.511721450392,0.399177487884,0.470781561839,1.0,1.0,0.691958036329,1.0,1
1002-HV-C-L-03,0.141139920824,0.509802205628,0.223203617453,0.471889700056,0.66451312317,0.509802205628,0.437014877999,0.471889700056,1.0,1.0,0.733996120628,1.0,1
1002-HV-C-L-03,0.148074213246,0.504843326318,0.226765510189,0.478154261345,0.667269889251,0.504843326318,0.438165372609,0.478154261345,1.0,1.0,0.739321468139,1.0,1
1002-HV-C-L-03,0.102370486798,0.523666400812,0.24546320535,0.450933539253,0.630185160909,0.523666400812,0.486027144956,0.450933539253,0.932647030473,1.0,0.891420357868,1.0,1
1002-HV-C-L-03,0.133721628966,0.527112185026,0.23950423559,0.46628997663,0.661664357085,0.527112185026,0.475123885204,0.46628997663,0.965520753256,1.0,0.852817448072,1.0,1
1002-HV-C-L-03,0.114627663741,0.528829420968,0.252391596738,0.482843237912,0.654005619225,0.528829420968,0.486950527251,0.482843237912,0.966187164071,1.0,0.824951202724,1.0,1
1002-HV-C-L-03,0.163697052763,0.518301609623,0.221707872364,0.467109594562,0.680479088662,0.518301609623,0.438714350187,0.467109594562,1.0,1.0,0.771896126345,1.0,1
1002-HV-C-L-03,0.167044549829,0.535914141858,0.231059628358,0.478539580953,0.687896519562,0.535914141858,0.44859410512,0.478539580953,1.0,1.0,0.773780192096,1.0,1
1002-HV-C-L-03,0.169894239396,0.530179309073,0.227615570799,0.467962357975,0.681733618897,0.530179309073,0.447043564343,0.467962357975,0.988052983009,1.0,0.802136006912,1.0,1
1002-HV-C-L-03,0.115124160655,0.535203522313,0.252472982413,0.489225236064,0.663148293506,0.535203522313,0.505081806935,0.489225236064,0.965422672629,1.0,0.826701318743,1.0,1
1002-HV-C-L-03,0.0647002241304,0.531644703679,0.266256793784,0.485776732765,0.614408734239,0.531644703679,0.528223752973,0.485776732765,0.908647183753,1.0,0.891568727071,1.0,1
1002-HV-C-L-03,0.131529874866,0.529558884178,0.23931140631,0.456792865604,0.67030824688,0.529558884178,0.474628542766,0.456792865604,0.986018284961,1.0,0.834429445902,1.0,1
1002-HV-C-L-03,0.125059922635,0.527304311251,0.240411489207,0.454277665019,0.662386277247,0.527304311251,0.478951798725,0.454277665019,0.979807070169,1.0,0.870245985042,1.0,1
1002-HV-C-L-03,0.113752468625,0.530027014279,0.248101582748,0.464647586725,0.65773967412,0.530027014279,0.49349602087,0.464647586725,0.973587915107,1.0,0.865064566532,1.0,1
1002-HV-C-L-03,0.098355201145,0.522914613809,0.243655271514,0.437038206415,0.631858100224,0.522914613809,0.483092715967,0.437038206415,0.919601880445,1.0,0.908897677642,1.0,1
1002-HV-C-L-03,0.16160476836,0.492817697987,0.203142430137,0.449997401239,0.665782677317,0.492817697987,0.395098466645,0.449997401239,1.0,1.0,0.685000158807,1.0,1
1002-HV-C-L-03,0.163759709995,0.496446723699,0.207096020504,0.454605131469,0.670318655568,0.496446723699,0.407172563215,0.454605131469,1.0,1.0,0.699174391656,1.0,1
1002-HV-C-L-03,0.146564464542,0.515457280726,0.236770606051,0.474219240674,0.673880112648,0.515457280726,0.454471353204,0.474219240674,1.0,1.0,0.778353522434,1.0,1
1002-HV-C-L-03,0.117280504654,0.519468106924,0.241454714734,0.473253782841,0.655610510472,0.519468106924,0.476725708167,0.473253782841,0.97021410843,1.0,0.80972065144,1.0,1
1002-HV-C-L-03,0.114897307598,0.522013085562,0.243245024561,0.466750911977,0.662209735853,0.522013085562,0.475680868387,0.466750911977,0.989105823935,1.0,0.819351103596,1.0,1
1002-HV-C-L-03,0.145556909468,0.506446217717,0.222163669329,0.468611814253,0.669890401969,0.506446217717,0.437701053978,0.468611814253,1.0,1.0,0.753685318228,1.0,1
1002-HV-C-L-03,0.212789764655,0.439311067346,0.154020734458,0.427110535001,0.6712502817,0.439314097866,0.299613874223,0.427110535001,1.0,1.0,0.540324933898,1.0,1
1002-HV-C-L-03,0.220091739907,0.445148619433,0.153023167836,0.432366453247,0.67477723862,0.445151879138,0.302799623304,0.432366453247,1.0,1.0,0.54332417074,1.0,1
1002-HV-C-L-03,0.216279453865,0.45607579425,0.160763261172,0.44702443267,0.672309715542,0.456078369774,0.318604208736,0.44702443267,1.0,1.0,0.571761988818,1.0,1
1002-HV-C-L-03,0.22198340324,0.441339572084,0.14678039443,0.427387329676,0.671102989633,0.441343254396,0.295999240798,0.427387329676,1.0,1.0,0.547677988943,1.0,1
1002-HV-C-L-03,0.22198340324,0.441339572084,0.14678039443,0.427387329676,0.671102989633,0.441343254396,0.295999240798,0.427387329676,1.0,1.0,0.547677988943,1.0,1
1002-HV-C-L-03,0.121012964297,0.515654869021,0.24915172885,0.500515870787,0.677522042262,0.515654869021,0.475963563172,0.500515870787,1.0,1.0,0.767615439912,1.0,1
1002-HV-C-L-03,0.14676052365,0.506480341641,0.22764236487,0.494836621972,0.675383188651,0.506480341641,0.435692169694,0.494836621972,1.0,1.0,0.695740989364,1.0,1
1002-HV-C-L-03,0.13007912029,0.520882835614,0.251989237447,0.514985830646,0.686068976559,0.520882835614,0.478669807522,0.514985830646,1.0,1.0,0.749176386216,1.0,1
1002-HV-C-L-03,0.174697462795,0.497912412008,0.20374285429,0.458471234453,0.684095270422,0.497912412008,0.390721579323,0.458471234453,1.0,1.0,0.667230944838,1.0,1
1002-HV-C-L-03,0.155964995519,0.498366589249,0.218713129755,0.476171069537,0.678017702302,0.498366589249,0.426779140685,0.476171069537,1.0,1.0,0.705716179856,1.0,1
1002-HV-C-L-03,0.171379425752,0.494535374935,0.202330503129,0.456820531793,0.678920735357,0.494535374935,0.40698113627,0.456820531793,1.0,1.0,0.719474546684,1.0,1
1002-HV-C-L-03,0.181658570843,0.484125793585,0.192048232212,0.452853486032,0.680515825921,0.484125793585,0.375290126579,0.452853486032,1.0,1.0,0.657030107486,1.0,1
1002-HV-C-L-03,0.179138451848,0.495684724495,0.196839626786,0.457380638686,0.682205102338,0.495684724495,0.387008204398,0.457380638686,1.0,1.0,0.672567552013,1.0,1
1002-HV-C-L-03,0.179771741678,0.485600723825,0.195489693354,0.455574503562,0.678530678639,0.485600723825,0.381702754413,0.455574503562,1.0,1.0,0.677726513563,1.0,1
1002-HV-C-L-03,0.167155064239,0.52341323504,0.218370626147,0.473684263979,0.687971565742,0.52341323504,0.434838026745,0.473684263979,0.992679691121,1.0,0.72996776609,1.0,1
1002-HV-C-L-03,0.153052288273,0.516081608324,0.223911070127,0.488525932147,0.678614523116,0.516081608324,0.435755347787,0.488525932147,1.0,1.0,0.727113074247,1.0,1
1002-HV-C-L-03,0.209526342419,0.479780616279,0.182991891187,0.461088345267,0.69534544511,0.479781696646,0.34532865415,0.461088345267,1.0,1.0,0.582905692962,1.0,1
1002-HV-C-L-03,0.213668190418,0.489042621928,0.184141614523,0.469172397326,0.699973777502,0.489043877135,0.356603731062,0.469172397326,1.0,1.0,0.591392492061,1.0,1
1002-HV-C-L-03,0.213291650567,0.483369124286,0.187193813318,0.476656566176,0.698279751715,0.483370261272,0.358084489932,0.476656566176,1.0,1.0,0.579891814562,1.0,1
1002-HV-C-L-03,0.2001472797,0.509593695202,0.205609141489,0.499378779086,0.699208480964,0.509593695202,0.3984052598,0.499378779086,1.0,1.0,0.641468457931,1.0,1
1002-HV-C-L-03,0.223404957369,0.468118268008,0.173513063611,0.45957000582,0.70653488562,0.468120405485,0.325468820214,0.45957000582,1.0,1.0,0.550260274865,1.0,1
1002-HV-C-L-03,0.175186700259,0.498756912368,0.194674727647,0.438903825114,0.670546687917,0.498756912368,0.38193985627,0.438903825114,1.0,1.0,0.716647992452,1.0,1
1002-HV-C-L-03,0.170649091482,0.510559152399,0.202982807201,0.450410889338,0.670567271947,0.510559152399,0.40260676001,0.450410889338,1.0,1.0,0.742571706857,1.0,1
1002-HV-C-L-03,0.19396168658,0.477294260833,0.178903739765,0.434926078863,0.672658138506,0.477295046215,0.358830954142,0.434926078863,1.0,1.0,0.658394290288,1.0,1
1002-HV-C-L-03,0.155690172932,0.505481627017,0.213330830105,0.434978065245,0.670501769606,0.505481627017,0.41905775288,0.434978065245,1.0,1.0,0.786758780421,1.0,1
1002-HV-C-L-03,0.185871747661,0.473701713357,0.178008859077,0.421364779851,0.663660496301,0.473702131882,0.349604340842,0.421364779851,1.0,1.0,0.674180210904,1.0,1
1002-HV-C-L-03,0.170359792528,0.491032654264,0.21102055818,0.482150632003,0.676989766789,0.491032654264,0.413039888688,0.482150632003,1.0,1.0,0.663829135954,1.0,1
1002-HV-C-L-03,0.160133992611,0.521399159009,0.222422629245,0.489650303537,0.678380988623,0.521399159009,0.4365765717,0.489650303537,1.0,1.0,0.701430623253,1.0,1
1002-HV-C-L-03,0.175712498369,0.500224825149,0.204358795633,0.481076856811,0.67442047523,0.500224825149,0.395549733019,0.481076856811,1.0,1.0,0.650382131645,1.0,1
1002-HV-C-L-03,0.186553535354,0.480387635793,0.188823767631,0.462404534909,0.673132398513,0.480387635793,0.368673126579,0.462404534909,1.0,1.0,0.632263282529,1.0,1
1002-HV-C-L-03,0.153238546603,0.514493986114,0.223014026693,0.487507273825,0.675896555567,0.514493986114,0.436511726392,0.487507273825,1.0,1.0,0.69642396761,1.0,1
1002-HV-C-L-03,0.155595395358,0.509826424843,0.227603963781,0.444130188778,0.678420775105,0.509826424843,0.431320588605,0.444130188778,1.0,1.0,0.804334226237,1.0,1
1002-HV-C-L-03,0.182369781652,0.501336302884,0.222353561775,0.436221880872,0.696750663237,0.501336302884,0.397193758071,0.436221880872,1.0,1.0,0.795686724622,1.0,1
1002-HV-C-L-03,0.145218897705,0.532414789062,0.252675445519,0.491698095718,0.685955394242,0.532414789062,0.471387848436,0.491698095718,1.0,1.0,0.788440742496,1.0,1
1002-HV-C-L-03,0.106541498598,0.537396367549,0.272984655703,0.5220049509,0.682401835495,0.537396367549,0.52847196348,0.5220049509,0.984918996339,1.0,0.777549031482,1.0,1
1002-HV-C-L-03,0.0797051325393,0.545033670795,0.286610707326,0.514557882478,0.668177145587,0.545033670795,0.536883430734,0.514557882478,0.979443798732,1.0,0.823813888611,1.0,1
1002-HV-C-L-03,0.167071268733,0.469797900667,0.198258383989,0.46553645188,0.664827017958,0.469797900667,0.387804582122,0.46553645188,1.0,1.0,0.656741159244,1.0,1
1002-HV-C-L-03,0.164097744361,0.468153505432,0.203328015015,0.462818046775,0.670969397025,0.468153505432,0.401501240926,0.462818046775,1.0,0.981071831613,0.682440622932,1.0,1
1002-HV-C-L-03,0.110771122791,0.530527790181,0.257328778357,0.515612854268,0.668026431916,0.530527790181,0.508207240717,0.515612854268,1.0,1.0,0.800747824027,1.0,1
1002-HV-C-L-03,0.143031407928,0.496362157797,0.225548019933,0.484155991727,0.668333855888,0.496362157797,0.445548594248,0.484155991727,1.0,1.0,0.739393785289,1.0,1
1002-HV-C-L-03,0.127796264856,0.50452064282,0.234087054686,0.486173723679,0.667672493414,0.50452064282,0.465835789385,0.486173723679,1.0,1.0,0.761436670762,1.0,1
1002-HV-C-L-03,0.139896766358,0.523822668697,0.230237367573,0.508078910928,0.670594288636,0.523822668697,0.458747569301,0.508078910928,1.0,1.0,0.712386720141,1.0,1
1002-HV-C-L-03,0.133773552164,0.525683203188,0.234082422989,0.499638239861,0.668313297402,0.525683203188,0.46473057556,0.499638239861,1.0,1.0,0.731462987058,1.0,1
1002-HV-C-L-03,0.121797868148,0.524956694017,0.237825202596,0.511267795473,0.665335789861,0.524956694017,0.473671654668,0.511267795473,1.0,1.0,0.730144278979,1.0,1
1002-HV-C-L-03,0.136137942422,0.516468968681,0.235976751686,0.509405897432,0.668393198823,0.516468968681,0.45912836168,0.509405897432,1.0,1.0,0.73991584343,1.0,1
1002-HV-C-L-03,0.0866100838958,0.546694171287,0.277041006307,0.532831591717,0.667193406473,0.546694171287,0.534618962707,0.532831591717,0.990978413463,1.0,0.800829509853,1.0,1
1002-HV-C-L-03,0.17161906713,0.48213072263,0.204139582862,0.486487495273,0.670992667392,0.48213072263,0.39939279454,0.486487495273,1.0,0.995049401414,0.662512420576,1.0,1
1002-HV-C-L-03,0.152720586616,0.497770826562,0.223156611886,0.510341284068,0.671311636311,0.497770826562,0.443344080581,0.510341284068,1.0,0.987341513988,0.694677317383,1.0,1
1002-HV-C-L-03,0.175398109852,0.471234839051,0.196254420606,0.475955262805,0.665626866578,0.471234839051,0.382372540755,0.475955262805,1.0,1.0,0.641492124157,1.0,1
1002-HV-C-L-03,0.175139279128,0.477272896488,0.192768051705,0.47421822093,0.665203316327,0.477272896488,0.37574327348,0.47421822093,1.0,1.0,0.627202185325,1.0,1
1002-HV-C-L-03,0.161769377382,0.487911529925,0.208744597307,0.494068379076,0.66960690205,0.487911529925,0.408683797197,0.494068379076,1.0,1.0,0.66710793037,1.0,1
1002-HV-C-L-03,0.170430199098,0.490620816921,0.199702893272,0.482185764649,0.669231040434,0.490620816921,0.392251897211,0.482185764649,1.0,1.0,0.656095032808,1.0,1
1002-HV-C-L-03,0.208635540572,0.474432284376,0.183741088918,0.461632350698,0.687329121902,0.474433862214,0.356856387621,0.461632350698,1.0,1.0,0.622014567633,1.0,1
1002-HV-C-L-03,0.221174051057,0.465253156292,0.166292272028,0.444804752346,0.683720393977,0.465256387288,0.327971731924,0.444804752346,1.0,1.0,0.592244302225,1.0,1
1002-HV-C-L-03,0.193890530705,0.481195462808,0.191290271277,0.455429642296,0.685877750775,0.4811956169,0.372107104695,0.455429642296,1.0,1.0,0.64483648438,1.0,1
1002-HV-C-L-03,0.173838530241,0.476113015708,0.203509653986,0.463884879826,0.672596075596,0.476113015708,0.402020962331,0.463884879826,1.0,1.0,0.681688419548,1.0,1
1002-HV-C-L-03,0.160625250209,0.494136956799,0.212623628001,0.47869464584,0.675302052041,0.494136956799,0.413457972891,0.47869464584,1.0,1.0,0.677643079197,1.0,1
1002-HV-C-L-03,0.198455865019,0.472389509445,0.187717522817,0.452287569289,0.681525748759,0.472390081674,0.348460144098,0.452287569289,1.0,1.0,0.614739088373,1.0,1
1002-HV-C-L-03,0.153012360424,0.504206610457,0.228491947131,0.504206610457,0.67632579277,0.504206610457,0.442926989803,0.504206610457,1.0,1.0,0.70193247607,1.0,1
1002-HV-C-L-03,0.099693727645,0.529244629733,0.27148038334,0.539724981284,0.665557108294,0.529244629733,0.529298635626,0.539724981284,0.978631029635,0.9714791266,0.780078338495,1.0,1
1002-HV-C-L-03,0.102562520468,0.548479460354,0.279247404516,0.537417402318,0.683137535381,0.548479460354,0.549457361335,0.537417402318,0.99382869851,0.992474022573,0.802884176889,1.0,1
1002-HV-C-L-03,0.086677180493,0.535793085616,0.281231850962,0.537591088403,0.675207194509,0.535793085616,0.543939597735,0.537591088403,0.990102976544,0.979816276705,0.801163653522,1.0,1
1002-HV-C-L-03,0.117446744107,0.517622715015,0.26253065535,0.537672107008,0.681732754069,0.517622715015,0.504004100409,0.537672107008,1.0,0.982840517009,0.756023207976,1.0,1
1002-HV-C-L-03,0.0870374514953,0.524512693635,0.276511105818,0.537418400171,0.664699613975,0.524512693635,0.543926751739,0.537418400171,0.97520001819,0.96048870374,0.801953167413,1.0,1
1002-HV-C-L-03,0.209447999658,0.453918934285,0.156775318736,0.433903583348,0.670065460452,0.453921486823,0.309117608375,0.433903583348,1.0,1.0,0.544225954146,1.0,1
1002-HV-C-L-03,0.172231895051,0.492802117544,0.19621423793,0.438496912085,0.666646795053,0.492802117544,0.376763183974,0.438496912085,1.0,1.0,0.692463220267,1.0,1
1002-HV-C-L-03,0.178122937728,0.491424368263,0.190687496139,0.42620176524,0.673509655378,0.491424368263,0.371634715386,0.42620176524,1.0,1.0,0.711503649846,1.0,1
1002-HV-C-L-03,0.200311100384,0.470961689033,0.174025020512,0.413085210715,0.677222661055,0.470963205477,0.341496037113,0.413085210715,1.0,1.0,0.665850434094,1.0,1
1002-HV-C-L-03,0.180810360051,0.490602165613,0.192170225095,0.43977519999,0.672094771751,0.490602165613,0.381927903807,0.43977519999,1.0,1.0,0.691196636524,1.0,1
1002-HV-C-L-03,0.187091754867,0.502148426066,0.199469246945,0.474179667259,0.682743713542,0.502148426066,0.390948934953,0.474179667259,1.0,1.0,0.672726899382,1.0,1
1002-HV-C-L-03,0.182447156695,0.49647372576,0.194261377889,0.451992254645,0.679047870554,0.49647372576,0.382038332928,0.451992254645,1.0,1.0,0.670505829569,1.0,1
1002-HV-C-L-03,0.162894162966,0.507701196542,0.214622153824,0.480753652179,0.67680484921,0.507701196542,0.427514628667,0.480753652179,1.0,1.0,0.695070743232,1.0,1
1002-HV-C-L-03,0.189880420443,0.470719175163,0.173881312075,0.401830289532,0.66368134249,0.47072064064,0.34101194271,0.401830289532,1.0,1.0,0.682546264012,1.0,1
1002-HV-C-L-03,0.181456937448,0.488570092876,0.19555677775,0.436530234245,0.669814241107,0.488570092876,0.379710614902,0.436530234245,1.0,1.0,0.705609368683,1.0,1
1002-HV-C-L-03,0.194800324224,0.48036352296,0.18619586521,0.408980734987,0.665643174226,0.480364173058,0.352102840698,0.408980734987,1.0,1.0,0.676188102978,1.0,1
1002-HV-C-L-03,0.169062248354,0.495269265387,0.198856453895,0.434656690006,0.665918316554,0.495269265387,0.393133895035,0.434656690006,1.0,1.0,0.747282389898,1.0,1
1002-HV-C-L-03,0.175236732665,0.486203389599,0.192711130656,0.426743467191,0.66656923175,0.486203389599,0.381707958284,0.426743467191,1.0,1.0,0.747335146468,1.0,1
1002-HV-C-L-03,0.168888667794,0.492886671319,0.20056873934,0.440283471083,0.666350395961,0.492886671319,0.383822901632,0.440283471083,1.0,1.0,0.709152271444,1.0,1
1002-HV-C-L-03,0.0857567954604,0.532309950839,0.263486918621,0.49642301807,0.651002624202,0.532309950839,0.508437206362,0.49642301807,0.977008859404,1.0,0.810582288231,1.0,1
1002-HV-C-L-03,0.0196371320315,0.561191112096,0.306866122674,0.498697257805,0.622498603463,0.561191112096,0.594998501729,0.498697257805,0.930747166485,1.0,0.974454805268,1.0,1
1002-HV-C-L-03,0.0573805494289,0.534284907253,0.273245466421,0.520982969634,0.626353883906,0.534284907253,0.539882466666,0.520982969634,0.939701339161,1.0,0.85422828243,1.0,1
1002-HV-C-L-03,0.0461800657123,0.540877265486,0.292585626718,0.523660695133,0.652851584508,0.540877265486,0.565325088185,0.523660695133,0.977056117194,1.0,0.866909147649,1.0,1
1002-HV-C-L-03,0.0400561422852,0.540501892927,0.290407056431,0.498060043958,0.630443074697,0.540501892927,0.559283302731,0.498060043958,0.944696674281,1.0,0.92371893208,1.0,1
1002-HV-C-L-03,0.156787136715,0.478821538666,0.206514629428,0.452538673565,0.66286922917,0.478821538666,0.39672806553,0.452538673565,1.0,1.0,0.680201331876,1.0,1
1002-HV-C-L-03,0.193249615853,0.464013149046,0.175427691431,0.443466617012,0.669560346748,0.464014381731,0.344187540772,0.443466617012,1.0,1.0,0.614104029466,1.0,1
1002-HV-C-L-03,0.182908355138,0.466123749156,0.186410196799,0.459367995092,0.668864618002,0.466123749156,0.368202885483,0.459367995092,1.0,1.0,0.639764466435,1.0,1
1002-HV-C-L-03,0.148315039086,0.491711583483,0.212043612322,0.471385739993,0.662203530194,0.491711583483,0.41201377566,0.471385739993,1.0,1.0,0.679564377898,1.0,1
1002-HV-C-L-03,0.152866177278,0.475578612725,0.210887416953,0.463000848084,0.664312864302,0.475578612725,0.403297616505,0.463000848084,1.0,1.0,0.681718685772,1.0,1
