1001-HV-C-L-01,0.000102036106357,-1
1001-HV-C-L-02,8.80798583117e-05,-1
1001-HV-C-L-03,8.39607913374e-05,-1
1001-HV-C-L-04,8.89435908105e-05,-1
1001-HV-C-L-05,8.74644223958e-05,-1
1001-HV-C-L-06,9.29751752042e-05,-1
1001-HV-C-L-07,8.65729055933e-05,-1
1001-HV-C-L-08,9.53953853567e-05,-1
1001-HV-C-L-09,8.87271886248e-05,-1
1002-HV-C-L-01,0.000158675574539,-1
1002-HV-C-L-02,0.00014211244995,-1
1002-HV-C-L-03,0.000148714529924,-1
1002-HV-C-L-04,0.0001637022928,-1
1002-HV-C-L-05,0.00016703465738,-1
1002-HV-C-L-06,0.000149474646994,-1
1003-HV-C-L-01,0.000157628337307,-1
1003-HV-C-L-02,0.000136525123401,-1
1003-HV-C-L-03,0.000180569004999,-1
1003-HV-C-L-04,0.000161069108415,-1
1003-HV-C-L-05,0.000143932123204,-1
1003-HV-C-L-06,0.000128244114593,-1
1004-HV-C-L-01,0.000151236713936,-1
1004-HV-C-L-02,0.000149002776296,-1
1004-HV-C-L-03,0.000142914801318,-1
1004-HV-C-L-04,0.000119455154408,-1
1004-HV-C-L-05,0.000122892755708,-1
1004-HV-C-L-06,0.000108449557557,-1
1005-HV-C-L-01,9.95749958117e-05,-1
1005-HV-C-L-02,0.000104386106928,-1
1005-HV-C-L-03,9.68350967769e-05,-1
1005-HV-C-L-04,9.35635173084e-05,-1
1005-HV-C-L-05,0.000102660338761,-1
1005-HV-C-L-06,9.54682923669e-05,-1
1005-HV-C-L-07,0.000119151693196,-1
1006-HV-C-L-01,0.000103063859372,-1
1006-HV-C-L-02,9.37803058611e-05,-1
1006-HV-C-L-03,9.62769474997e-05,-1
1006-HV-C-L-04,0.000107353632596,-1
1006-HV-C-L-05,0.00010450088496,-1
1006-HV-C-L-06,0.0001021188045,-1
1006-HV-C-L-07,0.000115189238757,-1
1007-HV-C-L-01,9.2554460843e-05,-1
1007-HV-C-L-02,0.000106206679365,-1
1007-HV-C-L-03,0.000100471564632,-1
1007-HV-C-L-04,9.06231015266e-05,-1
1007-HV-C-L-05,8.88201673008e-05,-1
1007-HV-C-L-06,9.85875779032e-05,-1
1007-HV-C-L-07,8.42510378132e-05,-1
1009-HV-C-L-01,3.74579023314e-05,-1
1009-HV-C-L-02,4.22261053236e-05,-1
1009-HV-C-L-03,4.25794342815e-05,-1
1009-HV-C-L-04,4.3226924798e-05,-1
1009-HV-C-L-05,4.07676181122e-05,-1
1009-HV-C-L-06,4.76758917003e-05,-1
1009-HV-C-L-07,5.17234567147e-05,-1
1009-HV-C-L-08,4.33283375962e-05,-1
1012-HV-C-L-01,6.92631551808e-05,-1
1012-HV-C-L-02,6.80729492786e-05,-1
1012-HV-C-L-03,7.12759410459e-05,-1
1012-HV-C-L-04,7.50732562022e-05,-1
1012-HV-C-L-05,7.24346410368e-05,-1
1012-HV-C-L-06,7.49340388623e-05,-1
1013-HV-C-L-01,5.81720763691e-05,-1
1013-HV-C-L-02,5.56261403441e-05,-1
1013-HV-C-L-03,6.03970152884e-05,-1
1013-HV-C-L-04,5.10338458859e-05,-1
1013-HV-C-L-05,5.66461614393e-05,-1
1013-HV-C-L-06,6.4173427737e-05,-1
1013-HV-C-L-07,5.76118238936e-05,-1
1014-HV-C-L-01,9.26544388786e-05,-1
1014-HV-C-L-02,8.18039418778e-05,-1
1014-HV-C-L-03,9.14973833316e-05,-1
1014-HV-C-L-04,8.58886706063e-05,-1
1014-HV-C-L-05,7.8809412421e-05,-1
1014-HV-C-L-06,6.75635329548e-05,-1
1014-HV-C-L-07,6.32560390659e-05,-1
1014-HV-C-L-08,6.10972847062e-05,-1
1015-HV-C-L-01,8.86783170128e-05,-1
1015-HV-C-L-02,8.36996265541e-05,-1
1015-HV-C-L-03,8.00406465142e-05,-1
1015-HV-C-L-04,7.27498951325e-05,-1
1015-HV-C-L-05,7.59141311988e-05,-1
1015-HV-C-L-06,6.66410043616e-05,-1
1015-HV-C-L-07,6.73995379781e-05,-1
1016-HV-C-L-01,0.000111573570865,-1
1016-HV-C-L-02,6.96140718647e-05,-1
1016-HV-C-L-03,0.000118128843092,-1
1016-HV-C-L-04,0.000125357619404,-1
1016-HV-C-L-05,0.000135471412092,-1
1016-HV-C-L-06,0.000135023933064,-1
1016-HV-C-L-07,0.0001330126331,-1
1016-HV-C-L-08,0.000132601194717,-1
1017-HV-C-L-01,3.98524750941e-05,-1
1017-HV-C-L-02,4.40345109133e-05,-1
1017-HV-C-L-03,5.00304642406e-05,-1
1017-HV-C-L-04,4.57328045646e-05,-1
1017-HV-C-L-05,4.745262014e-05,-1
1017-HV-C-L-06,4.61536699074e-05,-1
1017-HV-C-L-07,4.30554807595e-05,-1
1018-HV-C-L-01,7.42006680392e-05,-1
1018-HV-C-L-02,7.71418450922e-05,-1
1018-HV-C-L-03,6.7399418408e-05,-1
1018-HV-C-L-04,6.83382087509e-05,-1
1018-HV-C-L-05,7.48480074031e-05,-1
1018-HV-C-L-06,6.33319774567e-05,-1
1018-HV-C-L-07,4.57737662515e-05,-1
1019-HV-C-L-01,4.95688143779e-05,-1
1019-HV-C-L-02,4.96019936531e-05,-1
1019-HV-C-L-03,4.99447026744e-05,-1
1019-HV-C-L-04,4.77828629073e-05,-1
1019-HV-C-L-05,5.19352890352e-05,-1
1019-HV-C-L-06,5.23024138026e-05,-1
1019-HV-C-L-07,5.49021427439e-05,-1
1020-HV-C-L-01,8.88672804987e-05,-1
1020-HV-C-L-02,9.75529623669e-05,-1
1020-HV-C-L-03,0.000110885009563,-1
1020-HV-C-L-04,0.000110728435756,-1
1020-HV-C-L-05,9.89661133292e-05,-1
1020-HV-C-L-06,0.000101943238673,-1
1021-HV-C-L-01,7.3553505139e-05,-1
1021-HV-C-L-02,7.14579785751e-05,-1
1021-HV-C-L-03,6.82820433347e-05,-1
1021-HV-C-L-04,8.63631773555e-05,-1
1021-HV-C-L-05,9.7529351834e-05,-1
1021-HV-C-L-06,8.6836372985e-05,-1
1021-HV-C-L-07,7.99714755452e-05,-1
1021-HV-C-L-08,7.84482308045e-05,-1
1021-HV-C-L-09,9.80815444713e-05,-1
1022-HV-C-L-01,6.7684701516e-05,-1
1022-HV-C-L-02,9.6193753046e-05,-1
1022-HV-C-L-03,7.80291030255e-05,-1
1022-HV-C-L-04,8.91309573878e-05,-1
1022-HV-C-L-05,8.68769851843e-05,-1
1022-HV-C-L-06,9.00202583615e-05,-1
1023-HV-C-L-01,0.00013919678555,-1
1023-HV-C-L-02,0.000159835224291,-1
1023-HV-C-L-03,0.000165029498423,-1
1023-HV-C-L-04,0.000204965697305,-1
1023-HV-C-L-05,0.000209105249535,-1
1023-HV-C-L-06,0.000164980891815,-1
1024-HV-C-L-01,0.000160100283017,-1
1024-HV-C-L-02,0.000116378703271,-1
1024-HV-C-L-03,0.000119334463285,-1
1024-HV-C-L-04,0.000104963894252,-1
1024-HV-C-L-05,0.000126264137698,-1
1026-HV-C-L-01,6.32856665907e-05,-1
1026-HV-C-L-02,4.40621985816e-05,-1
1026-HV-C-L-03,3.9789164307e-05,-1
1026-HV-C-L-04,6.59087938478e-05,-1
1026-HV-C-L-05,6.52586599081e-05,-1
1026-HV-C-L-06,5.53484858349e-05,-1
1027-HV-C-L-01,0.000136171348076,-1
1027-HV-C-L-02,0.000142817743327,-1
1027-HV-C-L-03,0.000130791403405,-1
1027-HV-C-L-04,0.000131021523084,-1
1027-HV-C-L-05,0.000102351561651,-1
1027-HV-C-L-06,0.000107030252707,-1
1027-HV-C-L-07,0.000105656853456,-1
1031-HV-C-L-01,7.8019230509e-05,-1
1031-HV-C-L-02,5.99128185797e-05,-1
1031-HV-C-L-03,6.5937078138e-05,-1
1031-HV-C-L-04,6.6438359268e-05,-1
1031-HV-C-L-05,6.07479631788e-05,-1
1031-HV-C-L-06,6.7182879441e-05,-1
1031-HV-C-L-07,6.287708955e-05,-1
1032-HV-C-L-01,0.000115590912426,-1
1032-HV-C-L-02,0.000118724328383,-1
1032-HV-C-L-03,0.000131739496023,-1
1032-HV-C-L-04,0.00011489115389,-1
1032-HV-C-L-05,0.000113931280278,-1
1032-HV-C-L-06,9.17614333242e-05,-1
1032-HV-C-L-07,8.64958322416e-05,-1
1033-HV-C-L-01,0.000108938432275,-1
1033-HV-C-L-02,9.11435887559e-05,-1
1033-HV-C-L-03,5.95443423782e-05,-1
1033-HV-C-L-04,7.59764373983e-05,-1
1033-HV-C-L-05,8.79553754442e-05,-1
1033-HV-C-L-06,7.81196769288e-05,-1
1033-HV-C-L-07,8.13753121611e-05,-1
1033-HV-C-L-08,8.60317694916e-05,-1
1033-HV-C-L-09,8.67842928815e-05,-1
1033-HV-C-L-10,8.53394457219e-05,-1
1034-HV-C-L-01,7.99607642367e-05,-1
1034-HV-C-L-02,8.31172991693e-05,-1
1034-HV-C-L-03,5.50853893471e-05,-1
1034-HV-C-L-04,6.590208254e-05,-1
1034-HV-C-L-05,5.66327096598e-05,-1
1035-HV-C-L-01,0.000118817770492,-1
1035-HV-C-L-02,0.00010234558527,-1
1035-HV-C-L-03,0.000102557035982,-1
1035-HV-C-L-04,0.000112585936921,-1
1035-HV-C-L-05,0.000106015211453,-1
1036-HV-C-L-01,0.000100093060801,-1
1036-HV-C-L-02,9.76724020867e-05,-1
1036-HV-C-L-03,9.15406594335e-05,-1
1036-HV-C-L-04,0.000102018843698,-1
1036-HV-C-L-05,9.53582213236e-05,-1
1038-HV-C-L-01,8.27329853754e-05,-1
1038-HV-C-L-02,8.72239902723e-05,-1
1038-HV-C-L-03,8.74441915656e-05,-1
1038-HV-C-L-04,8.98119025642e-05,-1
1039-HV-C-L-01,6.55215228793e-05,-1
1039-HV-C-L-02,5.86102730764e-05,-1
1039-HV-C-L-03,6.69389258328e-05,-1
1039-HV-C-L-04,6.53047441007e-05,-1
1039-HV-C-L-05,5.61551418753e-05,-1
1039-HV-C-L-06,6.44767891166e-05,-1
1040-HV-C-L-01,7.27544417447e-05,-1
1040-HV-C-L-02,7.36350118626e-05,-1
1040-HV-C-L-03,9.61747043812e-05,-1
1040-HV-C-L-04,8.55883988713e-05,-1
1040-HV-C-L-05,9.27048552932e-05,-1
1041-HV-C-L-01,7.07047739906e-05,-1
1041-HV-C-L-02,6.97888764763e-05,-1
1041-HV-C-L-03,6.78036955151e-05,-1
1041-HV-C-L-04,7.08163649151e-05,-1
1041-HV-C-L-05,6.89577091659e-05,-1
1042-HV-C-L-01,9.18254389712e-05,-1
1042-HV-C-L-02,0.000118014474618,-1
1042-HV-C-L-03,0.000129525062614,-1
1042-HV-C-L-04,0.000130535271873,-1
1042-HV-C-L-05,0.000116914774513,-1
1043-HV-C-L-01,9.48152477899e-05,-1
1043-HV-C-L-02,0.000119535749053,-1
1043-HV-C-L-03,0.000117813996999,-1
1043-HV-C-L-04,0.000110380669872,-1
1043-HV-C-L-05,0.000103932604835,-1
1044-HV-C-L-01,9.97691274706e-05,-1
1044-HV-C-L-02,8.90972489055e-05,-1
1044-HV-C-L-03,7.96012135404e-05,-1
1044-HV-C-L-04,8.00531283205e-05,-1
1044-HV-C-L-05,0.000107050916483,-1
1045-HV-C-L-01,0.000142959122589,-1
1045-HV-C-L-02,0.000116367958117,-1
1045-HV-C-L-03,0.00012647519429,-1
1045-HV-C-L-04,0.000124725766268,-1
1045-HV-C-L-05,0.00010450573671,-1
1046-HV-C-L-01,0.000166415532618,-1
1046-HV-C-L-02,0.00013982491354,-1
1046-HV-C-L-03,0.000156681451848,-1
1046-HV-C-L-04,0.000113395696427,-1
1046-HV-C-L-05,0.000131269071348,-1
1046-HV-C-L-06,0.000129297471378,-1
1047-HV-C-L-01,0.000121528886071,-1
1047-HV-C-L-02,9.38982716141e-05,-1
1047-HV-C-L-03,6.98637074308e-05,-1
1047-HV-C-L-04,6.68076928712e-05,-1
1047-HV-C-L-05,7.66267802699e-05,-1
1047-HV-C-L-06,9.16137021524e-05,-1
1048-HV-C-L-01,0.000129548177385,-1
1048-HV-C-L-02,0.000125290421811,-1
1048-HV-C-L-03,0.000128025918549,-1
1048-HV-C-L-04,0.000112403732327,-1
1048-HV-C-L-05,0.00010101294765,-1
1048-HV-C-L-06,0.000107127351287,-1
1048-HV-C-L-07,0.000106452000792,-1
1049-HV-C-L-01,0.000108053683529,-1
1049-HV-C-L-02,9.67588370289e-05,-1
1049-HV-C-L-03,9.58825694159e-05,-1
1049-HV-C-L-04,8.87354558338e-05,-1
1049-HV-C-L-05,8.87624121757e-05,-1
1049-HV-C-L-06,8.87624121757e-05,-1
1050-HV-C-L-01,8.24867728054e-05,-1
1050-HV-C-L-02,8.15054156183e-05,-1
1050-HV-C-L-03,7.5046318392e-05,-1
1050-HV-C-L-04,8.2878099974e-05,-1
1050-HV-C-L-05,7.78336490729e-05,-1
1051-HV-C-L-01,9.6198120447e-05,-1
1051-HV-C-L-02,9.86945730125e-05,-1
1051-HV-C-L-03,0.000100955280312,-1
1051-HV-C-L-04,8.05646042405e-05,-1
1051-HV-C-L-05,8.3194160155e-05,-1
1051-HV-C-L-06,9.86704040989e-05,-1
1052-HV-C-L-01,0.000127268516322,-1
1052-HV-C-L-02,0.000105393345736,-1
1052-HV-C-L-03,0.000115537003302,-1
1052-HV-C-L-04,0.000100053579406,-1
1052-HV-C-L-05,0.000116532784539,-1
1052-HV-C-L-06,0.000122505656863,-1
1055-HV-C-L-01,7.54791444765e-05,-1
1055-HV-C-L-02,7.69454541685e-05,-1
1055-HV-C-L-03,7.47782357889e-05,-1
1055-HV-C-L-04,7.48442095494e-05,-1
1055-HV-C-L-05,7.25592707023e-05,-1
1056-HV-C-L-01,0.000121813538647,-1
1056-HV-C-L-02,0.000106754078727,-1
1056-HV-C-L-03,0.000107572155885,-1
1056-HV-C-L-04,0.000117551300883,-1
1056-HV-C-L-05,0.000118927947636,-1
1057-HV-C-L-01,0.000152711148975,-1
1057-HV-C-L-02,0.000153178463941,-1
1057-HV-C-L-03,0.000150548765003,-1
1057-HV-C-L-04,9.63076588015e-05,-1
1057-HV-C-L-05,0.000100310453947,-1
1061-HV-C-L-01,7.06490083263e-05,-1
1061-HV-C-L-02,6.90593875443e-05,-1
1061-HV-C-L-03,6.82759310627e-05,-1
1061-HV-C-L-04,6.41965490552e-05,-1
1062-HV-C-L-01,0.000113504343382,-1
1062-HV-C-L-02,0.000107539408204,-1
1062-HV-C-L-03,0.000106692098374,-1
1062-HV-C-L-04,0.00012226678997,-1
1062-HV-C-L-05,0.000122736029463,-1
1063-HV-C-L-01,0.000103143269437,-1
1063-HV-C-L-02,0.000101434995558,-1
1063-HV-C-L-03,8.94169265934e-05,-1
1063-HV-C-L-04,0.000100442326343,-1
1063-HV-C-L-05,9.42342862135e-05,-1
1064-HV-C-L-01,7.81761182915e-05,-1
1064-HV-C-L-02,7.50050879344e-05,-1
1064-HV-C-L-03,7.04685185106e-05,-1
1064-HV-C-L-04,6.92248325979e-05,-1
1064-HV-C-L-05,6.68921856246e-05,-1
1066-HV-C-L-01,9.82782467237e-05,-1
1066-HV-C-L-02,0.000158718304173,-1
1066-HV-C-L-03,0.000127369290227,-1
1066-HV-C-L-04,0.000138275896083,-1
1066-HV-C-L-05,0.000136724424449,-1
1067-HV-C-L-01,0.00010850310368,-1
1067-HV-C-L-02,0.00011301118523,-1
1067-HV-C-L-03,0.000126078178493,-1
1067-HV-C-L-04,0.000121179705116,-1
1067-HV-C-L-05,0.000108813069542,-1
1068-HV-C-L-01,9.32023147377e-05,-1
1068-HV-C-L-02,9.89616702041e-05,-1
1068-HV-C-L-03,9.56500346542e-05,-1
1068-HV-C-L-04,9.06073908953e-05,-1
1068-HV-C-L-05,9.24006968859e-05,-1
1069-HV-C-L-01,0.000125580884221,-1
1069-HV-C-L-02,0.000121356910777,-1
1069-HV-C-L-03,0.000113719570919,-1
1069-HV-C-L-04,0.000119513017378,-1
1069-HV-C-L-05,0.000125790190534,-1
1069-HV-C-L-06,0.000118776056117,-1
1071-HV-C-L-01,7.84685618364e-05,-1
1071-HV-C-L-02,7.80928101604e-05,-1
1071-HV-C-L-03,7.90740544199e-05,-1
1071-HV-C-L-04,7.45394927297e-05,-1
1071-HV-C-L-05,6.29778500269e-05,-1
1071-HV-C-L-06,6.18481932751e-05,-1
1074-HV-C-L-01,8.88934992331e-05,-1
1074-HV-C-L-02,8.45347270552e-05,-1
1074-HV-C-L-03,9.27258815242e-05,-1
1074-HV-C-L-04,8.84628887593e-05,-1
1074-HV-C-L-05,9.0019865314e-05,-1
1078-HV-C-L-01,0.000125958530216,-1
1078-HV-C-L-02,0.000142418333565,-1
1078-HV-C-L-03,0.000143603082031,-1
1078-HV-C-L-04,0.000147292498317,-1
1078-HV-C-L-05,0.000139833395476,-1
1079-HV-C-L-01,0.000131859706266,-1
1079-HV-C-L-02,0.000127659766579,-1
1079-HV-C-L-03,0.000125585944393,-1
1079-HV-C-L-04,0.000141291655271,-1
1079-HV-C-L-05,0.000133345925788,-1
1080-HV-C-L-01,0.000102619950943,-1
1080-HV-C-L-02,0.000101687312031,-1
1080-HV-C-L-03,0.000103135972964,-1
1080-HV-C-L-04,0.000109695411249,-1
1080-HV-C-L-05,0.000112624563775,-1
1080-HV-C-L-06,0.00011315881416,-1
1081-HV-C-L-01,0.000169727019471,-1
1081-HV-C-L-02,0.00020799098368,-1
1081-HV-C-L-03,0.000174362658047,-1
1081-HV-C-L-04,0.000167292182502,-1
1081-HV-C-L-05,0.000165650618624,-1
1082-HV-C-L-01,0.000114676567279,-1
1082-HV-C-L-02,0.000112092249324,-1
1082-HV-C-L-03,0.000110469495303,-1
1082-HV-C-L-04,0.00011440523497,-1
1082-HV-C-L-05,0.000108323422456,-1
1083-HV-C-L-01,9.45039773364e-05,-1
1083-HV-C-L-02,8.9740005058e-05,-1
1083-HV-C-L-03,9.73345993045e-05,-1
1083-HV-C-L-04,9.78678639006e-05,-1
1083-HV-C-L-05,9.82091120593e-05,-1
1084-HV-C-L-01,0.000161721098122,-1
1084-HV-C-L-02,0.000154201841226,-1
1084-HV-C-L-03,0.00015362834678,-1
1084-HV-C-L-04,0.000152718592524,-1
1084-HV-C-L-05,0.000153431626729,-1
1084-HV-C-L-06,0.000153334215125,-1
1085-HV-C-L-01,9.47486799348e-05,-1
1085-HV-C-L-02,9.73150444808e-05,-1
1085-HV-C-L-03,9.47154648332e-05,-1
1085-HV-C-L-04,9.85180062955e-05,-1
1085-HV-C-L-05,9.96480625541e-05,-1
1088-HV-C-L-01,8.80588209667e-05,-1
1088-HV-C-L-02,8.96690418043e-05,-1
1088-HV-C-L-03,0.000113833258623,-1
1088-HV-C-L-04,9.31763071767e-05,-1
1088-HV-C-L-05,9.02388109105e-05,-1
1089-HV-C-L-01,0.000203644514306,-1
1089-HV-C-L-02,0.0001897458451,-1
1089-HV-C-L-03,0.000182393465542,-1
1089-HV-C-L-04,0.000193721761167,-1
1089-HV-C-L-05,0.000194743168873,-1
1090-HV-C-L-01,0.000118856345419,-1
1090-HV-C-L-02,0.000121621448722,-1
1090-HV-C-L-03,0.000121566893652,-1
1090-HV-C-L-04,8.54790235562e-05,-1
1090-HV-C-L-05,8.75390049782e-05,-1
1091-HV-C-L-01,0.000146985786164,-1
1091-HV-C-L-02,0.000140606215844,-1
1091-HV-C-L-03,0.000140429800129,-1
1091-HV-C-L-04,0.000141127989999,-1
1091-HV-C-L-05,0.00013284443016,-1
1092-HV-C-L-01,0.000106533440784,-1
1092-HV-C-L-02,0.000234793499308,-1
1092-HV-C-L-03,0.00022283861719,-1
1092-HV-C-L-04,0.000226395365238,-1
1092-HV-C-L-05,0.000220081630806,-1
1093-HV-C-L-01,0.000181407177552,-1
1093-HV-C-L-02,0.000184490365964,-1
1093-HV-C-L-03,0.000180425213289,-1
1093-HV-C-L-04,0.000221175821286,-1
1093-HV-C-L-05,0.00013955910543,-1
1093-HV-C-L-06,0.000152519497616,-1
1095-HV-C-L-01,0.000118611871426,-1
1095-HV-C-L-02,0.000137965691966,-1
1095-HV-C-L-03,0.000140132283703,-1
1095-HV-C-L-04,0.000141367330002,-1
1095-HV-C-L-05,0.000132203631671,-1
1098-HV-C-L-01,0.00012778483803,-1
1098-HV-C-L-02,0.000130689173168,-1
1098-HV-C-L-03,0.000130950743456,-1
1098-HV-C-L-04,0.000132020068921,-1
1098-HV-C-L-05,0.00013187821914,-1
1098-HV-C-L-06,0.000107302826727,-1
1099-HV-C-L-01,0.000154964521937,-1
1099-HV-C-L-02,0.000103154748781,-1
1099-HV-C-L-03,0.000114694055304,-1
1099-HV-C-L-04,0.000102411380022,-1
1099-HV-C-L-05,0.000109858120696,-1
1100-HV-C-L-01,0.000124551369805,-1
1100-HV-C-L-02,0.000133097969619,-1
1100-HV-C-L-03,0.000131637026814,-1
1100-HV-C-L-04,0.000129940032302,-1
1100-HV-C-L-05,0.00012674426389,-1
1101-HV-C-L-01,0.000130884849489,-1
1101-HV-C-L-02,0.000146467550594,-1
1101-HV-C-L-03,0.000148482856479,-1
1101-HV-C-L-04,0.000155276293353,-1
1101-HV-C-L-05,0.000154404720204,-1
1102-HV-C-L-01,0.000153892418997,-1
1102-HV-C-L-02,0.0001587242579,-1
1102-HV-C-L-03,0.000145080676668,-1
1102-HV-C-L-04,0.000148170856492,-1
1102-HV-C-L-05,0.000145739125869,-1
1102-HV-C-L-06,0.000147181014079,-1
1103-HV-C-L-01,0.00010929741538,-1
1103-HV-C-L-02,0.000101945111204,-1
1103-HV-C-L-03,9.93641971555e-05,-1
1103-HV-C-L-04,0.000100881146669,-1
1103-HV-C-L-05,0.000111299820279,-1
1104-HV-C-L-01,0.00012792153018,-1
1104-HV-C-L-02,0.000131231423868,-1
1104-HV-C-L-03,0.000123090466327,-1
1104-HV-C-L-04,0.000126239132954,-1
1104-HV-C-L-05,0.000121218747682,-1
1105-HV-C-L-01,0.000111149078184,-1
1105-HV-C-L-02,0.000112083235439,-1
1105-HV-C-L-03,0.00010685398079,-1
1105-HV-C-L-04,0.000113162973858,-1
1105-HV-C-L-05,0.000111914471276,-1
1106-HV-C-L-01,0.000113196476138,-1
1106-HV-C-L-02,0.000110215546767,-1
1106-HV-C-L-03,0.000109597266813,-1
1106-HV-C-L-04,0.00011128868991,-1
1106-HV-C-L-05,0.000116599245731,-1
1106-HV-C-L-06,0.000114233695727,-1
1110-HV-C-L-01,0.000106132256799,-1
1110-HV-C-L-02,0.000101046617411,-1
1110-HV-C-L-03,9.77310806248e-05,-1
1110-HV-C-L-04,0.000125163173049,-1
1110-HV-C-L-05,0.000100038013689,-1
1110-HV-C-L-06,9.40357675142e-05,-1
1111-HV-C-L-01,9.14259192977e-05,-1
1111-HV-C-L-02,0.000102092918476,-1
1111-HV-C-L-03,0.000105472679862,-1
1111-HV-C-L-04,0.000105274365148,-1
1111-HV-C-L-05,0.000108415564852,-1
1112-HV-C-L-01,8.88754008498e-05,-1
1112-HV-C-L-02,8.59442520527e-05,-1
1112-HV-C-L-03,8.19665731109e-05,-1
1112-HV-C-L-04,8.083911781e-05,-1
1112-HV-C-L-05,8.48962783913e-05,-1
1114-HV-C-L-01,0.000195993587736,-1
1114-HV-C-L-02,0.000194757884435,-1
1114-HV-C-L-03,0.000208048721371,-1
1114-HV-C-L-04,0.000209727136197,-1
1114-HV-C-L-05,0.000221881442002,-1
1115-HV-C-L-01,0.000155115833159,-1
1115-HV-C-L-02,0.000152413420809,-1
1115-HV-C-L-03,0.000156864390354,-1
1115-HV-C-L-04,0.000152073271215,-1
1115-HV-C-L-05,0.000165316233384,-1
1116-HV-C-L-01,7.48065039522e-05,-1
1116-HV-C-L-02,6.66302248394e-05,-1
1116-HV-C-L-03,7.41143441945e-05,-1
1116-HV-C-L-04,7.29261726011e-05,-1
1116-HV-C-L-05,7.48422913075e-05,-1
1117-HV-C-L-01,0.000133699584425,-1
1117-HV-C-L-02,0.000133307268665,-1
1117-HV-C-L-03,0.000127876358596,-1
1117-HV-C-L-04,0.000128286249145,-1
1117-HV-C-L-05,0.000132065145232,-1
1119-HV-C-L-01,0.00013135605884,-1
1119-HV-C-L-02,0.000133439407827,-1
1119-HV-C-L-03,0.000138573590201,-1
1119-HV-C-L-04,0.000141533377507,-1
1119-HV-C-L-05,0.000140786039195,-1
1120-HV-C-L-01,9.9062242891e-05,-1
1120-HV-C-L-02,9.20936480463e-05,-1
1120-HV-C-L-03,9.59993830314e-05,-1
1120-HV-C-L-04,9.33504836319e-05,-1
1120-HV-C-L-05,0.000100925841331,-1
1120-HV-C-L-06,0.000102286780221,-1
1120-HV-C-L-07,0.000106074718194,-1
1121-HV-C-L-01,7.0281943485e-05,-1
1121-HV-C-L-02,6.73773147554e-05,-1
1121-HV-C-L-03,6.71549552674e-05,-1
1121-HV-C-L-04,6.24690492219e-05,-1
1121-HV-C-L-05,6.3118070837e-05,-1
1121-HV-C-L-06,6.01352629758e-05,-1
1122-HV-C-L-01,0.000105226125728,-1
1122-HV-C-L-02,0.000105243478366,-1
1122-HV-C-L-03,0.000104774430154,-1
1122-HV-C-L-04,0.000105492986095,-1
1122-HV-C-L-05,0.000105050755352,-1
1124-HV-C-L-01,0.000102674196749,-1
1124-HV-C-L-02,8.95441223941e-05,-1
1124-HV-C-L-03,8.9679614792e-05,-1
1124-HV-C-L-04,9.29497650872e-05,-1
1124-HV-C-L-05,8.78634345989e-05,-1
1127-HV-C-L-01,0.000111780717957,-1
1127-HV-C-L-02,0.000109446093631,-1
1127-HV-C-L-03,0.000108312067325,-1
1127-HV-C-L-04,0.000109249639088,-1
1127-HV-C-L-05,0.000108327058376,-1
1132-HV-C-L-01,9.5941555761e-05,-1
1132-HV-C-L-02,9.62161917604e-05,-1
1132-HV-C-L-03,9.28810830152e-05,-1
1132-HV-C-L-04,9.26361897551e-05,-1
1132-HV-C-L-05,9.26361897551e-05,-1
1138-HV-C-L-01,0.000122239908639,-1
1138-HV-C-L-02,0.00012675350311,-1
1138-HV-C-L-03,0.000124267147066,-1
1138-HV-C-L-04,0.000123802756925,-1
1138-HV-C-L-05,0.000135840247181,-1
1139-HV-C-L-01,9.40352001628e-05,-1
1139-HV-C-L-02,0.000105204411316,-1
1139-HV-C-L-03,0.00010121703441,-1
1139-HV-C-L-04,0.00010448424001,-1
1139-HV-C-L-05,0.000101930815436,-1
1140-HV-C-L-01,0.000169159524879,-1
1140-HV-C-L-02,0.000174904682249,-1
1140-HV-C-L-03,0.000173404924248,-1
1140-HV-C-L-04,0.000180456335654,-1
1140-HV-C-L-05,0.00018055901559,-1
1141-HV-C-L-01,0.00013097895758,-1
1141-HV-C-L-02,0.000136705712553,-1
1141-HV-C-L-03,0.000140361411588,-1
1141-HV-C-L-04,8.99392676099e-05,-1
1141-HV-C-L-05,0.000100539898426,-1
1142-HV-C-L-01,0.00012283349833,-1
1142-HV-C-L-02,0.000120899178101,-1
1142-HV-C-L-03,0.000115324393021,-1
1142-HV-C-L-04,0.000113135803347,-1
1142-HV-C-L-05,9.0373025035e-05,-1
1142-HV-C-L-06,0.000111909331649,-1
1143-HV-C-L-01,0.000118801289894,-1
1143-HV-C-L-02,0.000128736332808,-1
1143-HV-C-L-03,0.000132277078383,-1
1143-HV-C-L-04,0.000140949019924,-1
1143-HV-C-L-05,0.000136299990339,-1
1143-HV-C-L-06,0.000135092025807,-1
1144-HV-C-L-01,9.46363862453e-05,-1
1144-HV-C-L-02,9.60067057928e-05,-1
1144-HV-C-L-03,9.34972015259e-05,-1
1144-HV-C-L-04,0.000107396365149,-1
1144-HV-C-L-05,0.000106805291451,-1
1144-HV-C-L-06,0.000105748288287,-1
1145-HV-C-L-01,9.53826996958e-05,-1
1145-HV-C-L-02,8.9586972301e-05,-1
1145-HV-C-L-03,9.6184269588e-05,-1
1145-HV-C-L-04,0.000120607282427,-1
1145-HV-C-L-05,0.000118565215152,-1
1146-HV-C-L-01,0.000124913404469,-1
1146-HV-C-L-02,0.000146630912249,-1
1146-HV-C-L-03,0.000135590889693,-1
1146-HV-C-L-04,0.000134013652498,-1
1146-HV-C-L-05,0.000136255670546,-1
1146-HV-C-L-06,0.000151838823667,-1
1146-HV-C-L-07,0.000150940051412,-1
1154-HV-C-L-01,0.000104564436449,-1
1154-HV-C-L-02,9.31245517567e-05,-1
1154-HV-C-L-03,9.99801533931e-05,-1
1154-HV-C-L-04,0.000102149958342,-1
1154-HV-C-L-05,9.22961329484e-05,-1
1154-HV-C-L-06,9.3594911249e-05,-1
1155-HV-C-L-01,8.47984199475e-05,-1
1155-HV-C-L-02,8.39964984174e-05,-1
1155-HV-C-L-03,8.70589118216e-05,-1
1155-HV-C-L-04,8.6869573702e-05,-1
1155-HV-C-L-05,8.49176398622e-05,-1
1156-HV-C-L-01,0.000131398033177,-1
1156-HV-C-L-02,0.000134368848092,-1
1156-HV-C-L-03,0.000150602841874,-1
1156-HV-C-L-04,0.0001495699017,-1
1156-HV-C-L-05,0.000147672794315,-1
1157-HV-C-L-01,0.000115241438059,-1
1157-HV-C-L-02,0.000113864195751,-1
1157-HV-C-L-03,0.000115522567714,-1
1157-HV-C-L-04,0.000111687184603,-1
1157-HV-C-L-05,0.000112805227745,-1
1158-HV-C-L-01,0.00010681545126,-1
1158-HV-C-L-02,9.80503076888e-05,-1
1158-HV-C-L-03,9.84161303174e-05,-1
1158-HV-C-L-04,9.71618620666e-05,-1
1158-HV-C-L-05,9.25206696137e-05,-1
1159-HV-C-L-01,9.78255414561e-05,-1
1159-HV-C-L-02,9.1028120983e-05,-1
1159-HV-C-L-03,9.47583758604e-05,-1
1159-HV-C-L-04,8.83490669985e-05,-1
1159-HV-C-L-05,9.75765780553e-05,-1
1160-HV-C-L-01,0.000148174559768,-1
1160-HV-C-L-02,0.000154741125473,-1
1160-HV-C-L-03,0.000100769849304,-1
1160-HV-C-L-04,0.000104054462001,-1
1160-HV-C-L-05,0.000103939524684,-1
1161-HV-C-L-01,0.000183857269596,-1
1161-HV-C-L-02,0.000195932255805,-1
1161-HV-C-L-03,0.000197226430882,-1
1161-HV-C-L-04,0.000240337729722,-1
1161-HV-C-L-05,0.000216639543324,-1
1162-HV-C-L-01,0.000133882603053,-1
1162-HV-C-L-02,0.00012584905871,-1
1162-HV-C-L-03,0.000128294954238,-1
1162-HV-C-L-04,0.000127738911562,-1
1162-HV-C-L-05,0.000125204832786,-1
1163-HV-C-L-01,0.000111895828646,-1
1163-HV-C-L-02,0.00012603396294,-1
1163-HV-C-L-03,0.000127204463579,-1
1163-HV-C-L-04,0.000125552257583,-1
1163-HV-C-L-05,0.000127371077611,-1
1164-HV-C-L-01,0.00011605313315,-1
1164-HV-C-L-02,0.000117130300374,-1
1164-HV-C-L-03,0.000112301679993,-1
1164-HV-C-L-04,0.000117895871054,-1
1164-HV-C-L-05,0.000110580391082,-1
1165-HV-C-L-01,0.00014731487949,-1
1165-HV-C-L-02,0.000120741271352,-1
1165-HV-C-L-03,0.000155107454897,-1
1165-HV-C-L-04,0.000155645720909,-1
1165-HV-C-L-05,0.000155381387637,-1
1165-HV-C-L-06,0.00016098275591,-1
1166-HV-C-L-01,0.000101503521573,-1
1166-HV-C-L-02,0.000103146522848,-1
1166-HV-C-L-03,0.000104524715224,-1
1166-HV-C-L-04,0.000108960236723,-1
1166-HV-C-L-05,0.000108568800601,-1
1167-HV-C-L-01,0.000111209048717,-1
1167-HV-C-L-02,0.000111098135178,-1
1167-HV-C-L-03,0.000121078342069,-1
1167-HV-C-L-04,0.000118387503165,-1
1167-HV-C-L-05,0.000111862953527,-1
1168-HV-C-L-01,0.00010884423106,-1
1168-HV-C-L-02,0.000113607972299,-1
1168-HV-C-L-03,0.000109861517243,-1
1168-HV-C-L-04,0.000115621794878,-1
1168-HV-C-L-05,0.000111378355991,-1
1168-HV-C-L-06,0.000111831601131,-1
1169-HV-C-L-01,0.000114529107589,-1
1169-HV-C-L-02,0.000119394629289,-1
1169-HV-C-L-03,0.000121695826061,-1
1170-HV-C-L-01,9.8186423549e-05,-1
1170-HV-C-L-02,0.000109908474194,-1
1170-HV-C-L-03,8.77907243897e-05,-1
1170-HV-C-L-04,9.05432785852e-05,-1
1170-HV-C-L-05,0.000103543772693,-1
1170-HV-C-L-06,0.00011150667804,-1
1171-HV-C-L-01,0.000132423043737,-1
1171-HV-C-L-02,0.000137135841202,-1
1171-HV-C-L-03,0.000129810352876,-1
1171-HV-C-L-04,0.000128795623702,-1
1171-HV-C-L-05,0.000130714275342,-1
1172-HV-C-L-01,0.000132591596503,-1
1172-HV-C-L-02,0.000141659777353,-1
1172-HV-C-L-03,0.000140714049084,-1
1172-HV-C-L-04,0.000144761212759,-1
1172-HV-C-L-05,0.000142752139417,-1
1173-HV-C-L-01,0.00010000315329,-1
1173-HV-C-L-02,0.000104830892643,-1
1173-HV-C-L-03,0.000106260295806,-1
1173-HV-C-L-04,0.000108371494984,-1
1173-HV-C-L-05,0.000113057151786,-1
1173-HV-C-L-06,0.00011381645667,-1
1173-HV-C-L-07,0.000111924897441,-1
1174-HV-C-L-01,0.000127937585126,-1
1174-HV-C-L-02,0.000117609037263,-1
1174-HV-C-L-03,0.000131010266526,-1
1174-HV-C-L-04,0.000116006213524,-1
1174-HV-C-L-05,0.000115711503178,-1
1175-HV-C-L-01,0.000138763970893,-1
1175-HV-C-L-02,0.00014710133086,-1
1175-HV-C-L-03,0.000156103446963,-1
1175-HV-C-L-04,0.000166286334746,-1
1175-HV-C-L-05,0.00016462861003,-1
1176-HV-C-L-01,0.000127371769134,-1
1176-HV-C-L-02,0.00012004353111,-1
1176-HV-C-L-03,0.000107376695991,-1
1176-HV-C-L-04,0.000108430059918,-1
1176-HV-C-L-05,0.000111734577693,-1
1176-HV-C-L-06,0.000108939310239,-1
1177-HV-C-L-01,6.77792578447e-05,-1
1177-HV-C-L-02,6.90445234615e-05,-1
1177-HV-C-L-03,6.99690724819e-05,-1
1177-HV-C-L-04,6.84439488841e-05,-1
1177-HV-C-L-05,6.93973919468e-05,-1
1178-HV-C-L-01,0.000101802562114,-1
1178-HV-C-L-02,0.000107322183112,-1
1178-HV-C-L-03,0.000105126981209,-1
1178-HV-C-L-04,0.000107430113044,-1
1178-HV-C-L-05,0.000104861685947,-1
1179-HV-C-L-01,9.76409727198e-05,-1
1179-HV-C-L-02,9.58029015347e-05,-1
1179-HV-C-L-03,0.000121780808068,-1
1179-HV-C-L-04,0.000117734940079,-1
1179-HV-C-L-05,0.000117651235909,-1
1180-HV-C-L-01,0.000137205975201,-1
1180-HV-C-L-02,0.000130432948674,-1
1180-HV-C-L-03,0.000134973656115,-1
1180-HV-C-L-04,0.000138405571564,-1
1180-HV-C-L-05,0.000137359076362,-1
1180-HV-C-L-06,0.000129798479102,-1
1181-HV-C-L-01,0.000120219831771,-1
1181-HV-C-L-02,0.00012771612952,-1
1181-HV-C-L-03,0.000125018369042,-1
1181-HV-C-L-04,0.000131160617159,-1
1181-HV-C-L-05,0.000130731364798,-1
1182-HV-C-L-01,0.000133983888699,-1
1182-HV-C-L-02,0.00014943056012,-1
1182-HV-C-L-03,0.00014875791778,-1
1182-HV-C-L-04,0.000146067212508,-1
1182-HV-C-L-05,0.000140609408871,-1
1183-HV-C-L-01,0.000153948736308,-1
1183-HV-C-L-02,0.000137320885223,-1
1183-HV-C-L-03,0.000139614494295,-1
1183-HV-C-L-04,0.000131805312117,-1
1183-HV-C-L-05,0.000130778222276,-1
1184-HV-C-L-01,0.000117055440548,-1
1184-HV-C-L-02,0.000119819818745,-1
1184-HV-C-L-03,0.00012083004125,-1
1184-HV-C-L-04,0.000127604902214,-1
1184-HV-C-L-05,0.000134323970501,-1
1185-HV-C-L-01,0.000182407498136,-1
1185-HV-C-L-02,0.000189944583462,-1
1185-HV-C-L-03,0.0001869672005,-1
1185-HV-C-L-04,0.000174084167186,-1
1185-HV-C-L-05,0.000178539529424,-1
1186-HV-C-L-01,0.00014388538551,-1
1186-HV-C-L-02,0.000145914943611,-1
1186-HV-C-L-03,0.000140416338834,-1
1186-HV-C-L-04,0.000139355095346,-1
1186-HV-C-L-05,0.000146231265115,-1
1187-HV-C-L-01,7.02814664546e-05,-1
1187-HV-C-L-02,6.93971957976e-05,-1
1187-HV-C-L-03,7.30120548267e-05,-1
1187-HV-C-L-04,7.01208554727e-05,-1
1187-HV-C-L-05,6.92535017459e-05,-1
1188-HV-C-L-01,6.71229985426e-05,-1
1188-HV-C-L-02,7.88250081004e-05,-1
1188-HV-C-L-03,7.69624351412e-05,-1
1188-HV-C-L-04,7.67237179634e-05,-1
1188-HV-C-L-05,7.63299066983e-05,-1
1189-HV-C-L-01,9.51016220503e-05,-1
1189-HV-C-L-02,9.47829413948e-05,-1
1189-HV-C-L-03,9.7233640986e-05,-1
1189-HV-C-L-04,0.000100404814382,-1
1189-HV-C-L-05,0.000101711968115,-1
1190-HV-C-L-01,0.000130674608123,-1
1190-HV-C-L-02,0.000137482744934,-1
1190-HV-C-L-03,0.000132415065835,-1
1190-HV-C-L-04,0.000131969720237,-1
1190-HV-C-L-05,0.000134364313391,-1
1190-HV-C-L-06,0.000134676979666,-1
1198-HV-C-L-01,0.000220870242171,-1
1198-HV-C-L-02,0.000202737595264,-1
1198-HV-C-L-03,0.00021327514292,-1
1198-HV-C-L-04,0.000241610218984,-1
1198-HV-C-L-05,0.000206823260516,-1
1198-HV-C-L-06,0.000241785603483,-1
1198-HV-C-L-07,0.000260948606152,-1
1198-HV-C-L-08,0.000257697697722,-1
1199-HV-C-L-01,9.48125352211e-05,-1
1199-HV-C-L-02,0.000107544956637,-1
1199-HV-C-L-03,0.000112071811665,-1
1199-HV-C-L-04,0.000116964399138,-1
1199-HV-C-L-05,0.000115121682984,-1
